taxonID,section,subsection
wfo-0000399990,Pentanthera,Pentanthera
wfo-0000400297,Pentanthera,Sinensia
wfo-0000400745,Pentanthera,Pentanthera
wfo-0000744590,Pentanthera,Pentanthera
wfo-0001047059,Pentanthera,Pentanthera
wfo-0001047061,Pentanthera,Pentanthera
wfo-0001047062,Pentanthera,Pentanthera
wfo-0001047063,Pentanthera,Pentanthera
wfo-0001047064,Pentanthera,Pentanthera
wfo-0001047065,Pentanthera,Pentanthera
wfo-0001047067,Pentanthera,Pentanthera
wfo-0001047072,Pentanthera,Pentanthera
wfo-0001047077,Pentanthera,Pentanthera
wfo-0001047079,Pentanthera,Pentanthera
wfo-0001047080,Pentanthera,Pentanthera
wfo-0001047081,Pentanthera,Pentanthera
wfo-0001047632,Pentanthera,Pentanthera
wfo-0001047634,Pentanthera,Pentanthera
wfo-0000399988,Pontica,Grandia
wfo-0000400004,Pontica,Pontica
wfo-0000400060,Pontica,Irrorata
wfo-0000400063,Pontica,Grandia
wfo-0000400081,Pontica,Pontica
wfo-0000400099,Pontica,Irrorata
wfo-0000400164,Pontica,Lanata
wfo-0000400178,Pontica,Pontica
wfo-0000400200,Pontica,Parishia
wfo-0000400348,Pontica,Taliensia
wfo-0000400350,Pontica,Pontica
wfo-0000400399,Pontica,Taliensia
wfo-0000400593,Pontica,Maculifera
wfo-0000400645,Pontica,Fortunea
wfo-0000400665,Pontica,Glischrum
wfo-0000400700,Pontica,Pontica
wfo-0000400775,Pontica,Falconera
wfo-0000400778,Pontica,Pontica
wfo-0000400784,Pontica,Pontica
wfo-0000400818,Pontica,Falconera
wfo-0000400826,Pontica,Irrorata
wfo-0000403034,Pontica,Pontica
wfo-0000403280,Pontica,Pontica
wfo-0000403316,Pontica,Thomsonia
wfo-0000405438,Pontica,Thomsonia
wfo-0000405445,Pontica,Barbata
wfo-0000405469,Pontica,Glischrum
wfo-0000405473,Pontica,Pontica
wfo-0000405486,Pontica,Glischrum
wfo-0000405677,Pontica,Grandia
wfo-0000405698,Pontica,Irrorata
wfo-0000405716,Pontica,Pontica
wfo-0000507900,Pontica,Taliensia
wfo-0000744593,Pontica,Fortunea
wfo-0000747042,Pontica,Fortunea
wfo-0000747043,Pontica,Argyrophylla
wfo-0000747050,Pontica,Maculifera
wfo-0000747072,Pontica,Argyrophylla
wfo-0000747073,Pontica,Irrorata
wfo-0000750131,Pontica,Fortunea
wfo-0001039656,Pontica,Taliensia
wfo-0001046884,Pontica,Pontica
wfo-0001047069,Pontica,Pontica
wfo-0001047073,Pontica,Pontica
wfo-0001047074,Pontica,Pontica
wfo-0001047851,Pontica,Pontica
wfo-0001047937,Pontica,Irrorata
wfo-0001047938,Pontica,Neriiflora
wfo-0001047942,Pontica,Irrorata
wfo-0001047944,Pontica,Irrorata
wfo-0001047945,Pontica,Argyrophylla
wfo-0001048292,Pontica,Falconera
wfo-0001048300,Pontica,Taliensia
wfo-0001048301,Pontica,Campylocarpa
wfo-0001048304,Pontica,Taliensia
wfo-0001048305,Pontica,Taliensia
wfo-0001048600,Pontica,Selensia
wfo-0001048625,Pontica,Parishia
wfo-0001048627,Pontica,Taliensia
wfo-0001048644,Pontica,Taliensia
wfo-0001048672,Pontica,Taliensia
wfo-0001048673,Pontica,Taliensia
wfo-0001048677,Pontica,Campylocarpa
wfo-0001048683,Pontica,Fulva
wfo-0001048687,Pontica,Taliensia
wfo-0001048694,Pontica,Neriiflora
wfo-0001048697,Pontica,Taliensia
wfo-0001048698,Pontica,Taliensia
wfo-0001048701,Pontica,Neriiflora
wfo-0001048702,Pontica,Neriiflora
wfo-0001048704,Pontica,Griersoniana
wfo-0001048706,Pontica,Irrorata
wfo-0001048712,Pontica,Selensia
wfo-0001048713,Pontica,Neriiflora
wfo-0001048724,Pontica,Selensia
wfo-0001048726,Pontica,Neriiflora
wfo-0001048728,Pontica,Neriiflora
wfo-0001048731,Pontica,Selensia
wfo-0001048732,Pontica,Lanata
wfo-0001048733,Pontica,Neriiflora
wfo-0001048734,Pontica,Irrorata
wfo-0001048739,Pontica,Barbata
wfo-0001048741,Pontica,Lanata
wfo-0001048743,Pontica,Fulgensia
wfo-0001048744,Pontica,Thomsonia
wfo-0001048745,Pontica,Lanata
wfo-0001048747,Pontica,Grandia
wfo-0001048748,Pontica,Taliensia
wfo-0001048751,Pontica,Thomsonia
wfo-0001048752,Pontica,Thomsonia
wfo-0001048756,Pontica,Barbata
wfo-0001048757,Pontica,Falconera
wfo-0001048762,Pontica,Neriiflora
wfo-0001048763,Pontica,Glischrum
wfo-0001048765,Pontica,Glischrum
wfo-0001048773,Pontica,Grandia
wfo-0001048774,Pontica,Taliensia
wfo-0001048777,Pontica,Falconera
wfo-0001048778,Pontica,Grandia
wfo-0001048786,Pontica,Thomsonia
wfo-0001048793,Pontica,Thomsonia
wfo-0001048796,Pontica,Taliensia
wfo-0001048798,Pontica,Falconera
wfo-0001048799,Pontica,Grandia
wfo-0001048803,Pontica,Grandia
wfo-0001048807,Pontica,Selensia
wfo-0001048809,Pontica,Glischrum
wfo-0001048810,Pontica,Taliensia
wfo-0001048811,Pontica,Thomsonia
wfo-0001048812,Pontica,Barbata
wfo-0001048813,Pontica,Neriiflora
wfo-0001048844,Pontica,Neriiflora
wfo-0001048852,Pontica,Venatora
wfo-0001048853,Pontica,Argyrophylla
wfo-0001048854,Pontica,Falconera
wfo-0001048858,Pontica,Falconera
wfo-0001048861,Pontica,Taliensia
wfo-0001048862,Pontica,Neriiflora
wfo-0001048863,Pontica,Neriiflora
wfo-0001048866,Pontica,Taliensia
wfo-0001048867,Pontica,Neriiflora
wfo-0001048871,Pontica,Taliensia
wfo-0001048873,Pontica,Neriiflora
wfo-0001048874,Pontica,Taliensia
wfo-0001048875,Pontica,Neriiflora
wfo-0001048876,Pontica,Neriiflora
wfo-0001048878,Pontica,Selensia
wfo-0001048880,Pontica,Fortunea
wfo-0001048884,Pontica,Taliensia
wfo-0001048890,Pontica,Neriiflora
wfo-0001048891,Pontica,Thomsonia
wfo-0001048892,Pontica,Fulva
wfo-0001048893,Pontica,Taliensia
wfo-0001048894,Pontica,Irrorata
wfo-0001048895,Pontica,Taliensia
wfo-0001048897,Pontica,Taliensia
wfo-0001048898,Pontica,Taliensia
wfo-0001048899,Pontica,Campylocarpa
wfo-0001048902,Pontica,Taliensia
wfo-0001048903,Pontica,Argyrophylla
wfo-0001048904,Pontica,Fortunea
wfo-0001048907,Pontica,Fortunea
wfo-0001048909,Pontica,Maculifera
wfo-0001048915,Pontica,Taliensia
wfo-0001048916,Pontica,Thomsonia
wfo-0001048924,Pontica,Argyrophylla
wfo-0001048930,Pontica,Fortunea
wfo-0001048931,Pontica,Taliensia
wfo-0001048933,Pontica,Argyrophylla
wfo-0001048936,Pontica,Argyrophylla
wfo-0001048937,Pontica,Argyrophylla
wfo-0001048942,Pontica,Argyrophylla
wfo-0001048944,Pontica,Maculifera
wfo-0001048961,Pontica,Fortunea
wfo-0001219279,Pontica,Taliensia
wfo-0001219282,Pontica,Fortunea
wfo-0001219286,Pontica,Argyrophylla
wfo-0001219287,Pontica,Grandia
wfo-0001219289,Pontica,Argyrophylla
wfo-0001219678,Pontica,Campylocarpa
wfo-0001219680,Pontica,Maculifera
wfo-0001219681,Pontica,Maculifera
wfo-0001219691,Pontica,Parishia
wfo-0001219692,Pontica,Grandia
wfo-0001219693,Pontica,Williamsiana
wfo-0001220138,Pontica,Pontica
wfo-0001220145,Pontica,Maculifera
wfo-0001220550,Pontica,Taliensia
wfo-0001220765,Pontica,Selensia
wfo-0001220767,Pontica,Irrorata
wfo-0001220768,Pontica,Fortunea
wfo-0001220769,Pontica,Irrorata
wfo-0001220770,Pontica,Falconera
wfo-0001220771,Pontica,Taliensia
wfo-0001220808,Pontica,Maculifera
wfo-0001228142,Pontica,Maculifera
wfo-0001228143,Pontica,Argyrophylla
wfo-0001228537,Pontica,Irrorata
wfo-0001228538,Pontica,Fortunea
wfo-0001228539,Pontica,Argyrophylla
wfo-0001229303,Pontica,Fortunea
wfo-0001229307,Pontica,Fortunea
wfo-0001229308,Pontica,Fortunea
wfo-0001229309,Pontica,Fortunea
wfo-0001229310,Pontica,Fortunea
wfo-0001229316,Pontica,Fortunea
wfo-0001229318,Pontica,Fortunea
wfo-0001229319,Pontica,Fortunea
wfo-0001229320,Pontica,Fortunea
wfo-0001229325,Pontica,Fortunea
wfo-0001229326,Pontica,Fortunea
wfo-0001229327,Pontica,Fortunea
wfo-0001229333,Pontica,Fortunea
wfo-0001229336,Pontica,Fortunea
wfo-0001229339,Pontica,Fortunea
wfo-0001229340,Pontica,Fortunea
wfo-0001229345,Pontica,Fortunea
wfo-0001229346,Pontica,Fortunea
wfo-0001229350,Pontica,Fortunea
wfo-0001229351,Pontica,Fortunea
wfo-0001229352,Pontica,Grandia
wfo-0001229354,Pontica,Grandia
wfo-0001229355,Pontica,Grandia
wfo-0001229358,Pontica,Grandia
wfo-0001229359,Pontica,Falconera
wfo-0001229360,Pontica,Falconera
wfo-0001229363,Pontica,Falconera
wfo-0001229368,Pontica,Falconera
wfo-0001229369,Pontica,Williamsiana
wfo-0001229373,Pontica,Campylocarpa
wfo-0001229380,Pontica,Campylocarpa
wfo-0001229381,Pontica,Maculifera
wfo-0001229382,Pontica,Maculifera
wfo-0001229386,Pontica,Maculifera
wfo-0001229388,Pontica,Maculifera
wfo-0001229392,Pontica,Maculifera
wfo-0001229394,Pontica,Selensia
wfo-0001229415,Pontica,Glischrum
wfo-0001229416,Pontica,Glischrum
wfo-0001229427,Pontica,Irrorata
wfo-0001229435,Pontica,Irrorata
wfo-0001229437,Pontica,Irrorata
wfo-0001229447,Pontica,Irrorata
wfo-0001229448,Pontica,Irrorata
wfo-0001229451,Pontica,Irrorata
wfo-0001229457,Pontica,Irrorata
wfo-0001229458,Pontica,Irrorata
wfo-0001229460,Pontica,Irrorata
wfo-0001229461,Pontica,Maculifera
wfo-0001229468,Pontica,Argyrophylla
wfo-0001229471,Pontica,Argyrophylla
wfo-0001229472,Pontica,Argyrophylla
wfo-0001229474,Pontica,Argyrophylla
wfo-0001229475,Pontica,Argyrophylla
wfo-0001229480,Pontica,Argyrophylla
wfo-0001229484,Pontica,Argyrophylla
wfo-0001229492,Pontica,Argyrophylla
wfo-0001229495,Pontica,Arborea
wfo-0001229505,Pontica,Arborea
wfo-0001229506,Pontica,Arborea
wfo-0001229511,Pontica,Arborea
wfo-0001229512,Pontica,Taliensia
wfo-0001229513,Pontica,Taliensia
wfo-0001229514,Pontica,Taliensia
wfo-0001229516,Pontica,Taliensia
wfo-0001229517,Pontica,Taliensia
wfo-0001229518,Pontica,Taliensia
wfo-0001229519,Pontica,Taliensia
wfo-0001229521,Pontica,Taliensia
wfo-0001229525,Pontica,Taliensia
wfo-0001229538,Pontica,Taliensia
wfo-0001229549,Pontica,Taliensia
wfo-0001229550,Pontica,Taliensia
wfo-0001229552,Pontica,Taliensia
wfo-0001229558,Pontica,Taliensia
wfo-0001229559,Pontica,Taliensia
wfo-0001229561,Pontica,Taliensia
wfo-0001229564,Pontica,Taliensia
wfo-0001229575,Pontica,Taliensia
wfo-0001229590,Pontica,Lanata
wfo-0001229592,Pontica,Lanata
wfo-0001229593,Pontica,Campanulata
wfo-0001229596,Pontica,Campanulata
wfo-0001229600,Pontica,Campanulata
wfo-0001229601,Pontica,Parishia
wfo-0001229602,Pontica,Parishia
wfo-0001229603,Pontica,Parishia
wfo-0001229604,Pontica,Parishia
wfo-0001229605,Pontica,Barbata
wfo-0001229608,Pontica,Neriiflora
wfo-0001229610,Pontica,Neriiflora
wfo-0001229613,Pontica,Neriiflora
wfo-0001229614,Pontica,Neriiflora
wfo-0001229622,Pontica,Neriiflora
wfo-0001229642,Pontica,Neriiflora
wfo-0001229674,Pontica,Neriiflora
wfo-0001229675,Pontica,Neriiflora
wfo-0001229680,Pontica,Neriiflora
wfo-0001229698,Pontica,Fulgensia
wfo-0001229699,Pontica,Thomsonia
wfo-0001229703,Pontica,Thomsonia
wfo-0001229704,Pontica,Thomsonia
wfo-0001229705,Pontica,Thomsonia
wfo-0001229706,Pontica,Thomsonia
wfo-0001229707,Pontica,Thomsonia
wfo-0001229708,Pontica,Thomsonia
wfo-0001229711,Pontica,Thomsonia
wfo-0001230972,Pontica,Selensia
wfo-0001231347,Pontica,Neriiflora
wfo-0001234425,Pontica,Fortunea
wfo-0001238653,Pontica,Fortunea
wfo-0001239870,Pontica,Taliensia
wfo-0001240164,Pontica,Taliensia
wfo-0001240235,Pontica,Arborea
wfo-0001240253,Pontica,Argyrophylla
wfo-0001262590,Pontica,Taliensia
wfo-0001272384,Pontica,Fortunea
wfo-0001273239,Pontica,Parishia
wfo-0001273681,Pontica,Neriiflora
wfo-0001275615,Pontica,Fortunea
wfo-0001275638,Pontica,Glischrum
wfo-0001275671,Pontica,Taliensia
wfo-0001275677,Pontica,Taliensia
wfo-0001285279,Pontica,Taliensia
wfo-0001333134,Pontica,Taliensia
wfo-0001334385,Pontica,Fulgensia
wfo-0001335226,Pontica,Falconera
wfo-0001335320,Pontica,Irrorata
wfo-0001335983,Pontica,Falconera
wfo-0001341491,Pontica,Fortunea
wfo-2700000566,Pontica,Taliensia
wfo-1000001251,Pontica,Fortunea
wfo-1000002497,Pontica,Fortunea
wfo-1000002522,Pontica,Grandia
wfo-1000077964,Pontica,Fortunea
wfo-0000399931,Rhododendron,Lepidota
wfo-0000399947,Rhododendron,Lapponica
wfo-0000399983,Rhododendron,Glauca
wfo-0000399986,Rhododendron,Lapponica
wfo-0000400034,Rhododendron,Rhododendron
wfo-0000400041,Rhododendron,Triflora
wfo-0000400046,Rhododendron,Maddenia
wfo-0000400201,Rhododendron,Maddenia
wfo-0000400278,Rhododendron,Lepidota
wfo-0000400325,Rhododendron,Triflora
wfo-0000400434,Rhododendron,Maddenia
wfo-0000400446,Rhododendron,Maddenia
wfo-0000400478,Rhododendron,Maddenia
wfo-0000400633,Rhododendron,Glauca
wfo-0000400679,Rhododendron,Maddenia
wfo-0000400696,Rhododendron,Maddenia
wfo-0000400707,Rhododendron,Maddenia
wfo-0000400715,Rhododendron,Rhododendron
wfo-0000400750,Rhododendron,Maddenia
wfo-0000400762,Rhododendron,Rhodorastrum
wfo-0000400786,Rhododendron,Maddenia
wfo-0000400794,Rhododendron,Maddenia
wfo-0000400806,Rhododendron,Rhododendron
wfo-0000403021,Rhododendron,Monantha
wfo-0000403122,Rhododendron,Lepidota
wfo-0000403123,Rhododendron,Maddenia
wfo-0000403307,Rhododendron,Maddenia
wfo-0000405626,Rhododendron,Ledum
wfo-0000405704,Rhododendron,Maddenia
wfo-0000405708,Rhododendron,Maddenia
wfo-0001046885,Rhododendron,Rhodorastrum
wfo-0001046886,Rhododendron,Rhodorastrum
wfo-0001047070,Rhododendron,Caroliniana
wfo-0001047075,Rhododendron,Caroliniana
wfo-0001048029,Rhododendron,Edgeworthia
wfo-0001048031,Rhododendron,Edgeworthia
wfo-0001048032,Rhododendron,Maddenia
wfo-0001048036,Rhododendron,Maddenia
wfo-0001048037,Rhododendron,Maddenia
wfo-0001048038,Rhododendron,Maddenia
wfo-0001048039,Rhododendron,Maddenia
wfo-0001048043,Rhododendron,Maddenia
wfo-0001048045,Rhododendron,Maddenia
wfo-0001048047,Rhododendron,Maddenia
wfo-0001048048,Rhododendron,Maddenia
wfo-0001048049,Rhododendron,Maddenia
wfo-0001048050,Rhododendron,Maddenia
wfo-0001048051,Rhododendron,Maddenia
wfo-0001048052,Rhododendron,Maddenia
wfo-0001048053,Rhododendron,Maddenia
wfo-0001048054,Rhododendron,Maddenia
wfo-0001048055,Rhododendron,Maddenia
wfo-0001048056,Rhododendron,Maddenia
wfo-0001048057,Rhododendron,Maddenia
wfo-0001048058,Rhododendron,Maddenia
wfo-0001048059,Rhododendron,Maddenia
wfo-0001048060,Rhododendron,Maddenia
wfo-0001048062,Rhododendron,Maddenia
wfo-0001048063,Rhododendron,Maddenia
wfo-0001048064,Rhododendron,Maddenia
wfo-0001048067,Rhododendron,Maddenia
wfo-0001048069,Rhododendron,Maddenia
wfo-0001048071,Rhododendron,Maddenia
wfo-0001048073,Rhododendron,Maddenia
wfo-0001048074,Rhododendron,Moupinensia
wfo-0001048075,Rhododendron,Moupinensia
wfo-0001048076,Rhododendron,Moupinensia
wfo-0001048077,Rhododendron,Monantha
wfo-0001048078,Rhododendron,Monantha
wfo-0001048079,Rhododendron,Monantha
wfo-0001048080,Rhododendron,Triflora
wfo-0001048082,Rhododendron,Triflora
wfo-0001048088,Rhododendron,Triflora
wfo-0001048090,Rhododendron,Triflora
wfo-0001048096,Rhododendron,Triflora
wfo-0001048103,Rhododendron,Micrantha
wfo-0001048104,Rhododendron,Triflora
wfo-0001048105,Rhododendron,Scabrifolium
wfo-0001048112,Rhododendron,Triflora
wfo-0001048122,Rhododendron,Triflora
wfo-0001048138,Rhododendron,Triflora
wfo-0001048139,Rhododendron,Triflora
wfo-0001048149,Rhododendron,Triflora
wfo-0001048150,Rhododendron,Triflora
wfo-0001048151,Rhododendron,Triflora
wfo-0001048153,Rhododendron,Triflora
wfo-0001048157,Rhododendron,Triflora
wfo-0001048159,Rhododendron,Triflora
wfo-0001048163,Rhododendron,Triflora
wfo-0001048164,Rhododendron,Triflora
wfo-0001048166,Rhododendron,Scabrifolium
wfo-0001048167,Rhododendron,Scabrifolium
wfo-0001048169,Rhododendron,Scabrifolium
wfo-0001048170,Rhododendron,Scabrifolium
wfo-0001048172,Rhododendron,Scabrifolium
wfo-0001048174,Rhododendron,Scabrifolium
wfo-0001048177,Rhododendron,Heliolepida
wfo-0001048178,Rhododendron,Heliolepida
wfo-0001048179,Rhododendron,Heliolepida
wfo-0001048187,Rhododendron,Heliolepida
wfo-0001048192,Rhododendron,Lapponica
wfo-0001048196,Rhododendron,Lapponica
wfo-0001048197,Rhododendron,Lapponica
wfo-0001048200,Rhododendron,Lapponica
wfo-0001048203,Rhododendron,Lapponica
wfo-0001048204,Rhododendron,Lapponica
wfo-0001048207,Rhododendron,Lapponica
wfo-0001048208,Rhododendron,Lapponica
wfo-0001048210,Rhododendron,Lapponica
wfo-0001048211,Rhododendron,Lapponica
wfo-0001048212,Rhododendron,Lapponica
wfo-0001048213,Rhododendron,Lapponica
wfo-0001048215,Rhododendron,Lapponica
wfo-0001048219,Rhododendron,Lapponica
wfo-0001048221,Rhododendron,Lapponica
wfo-0001048224,Rhododendron,Lapponica
wfo-0001048228,Rhododendron,Lapponica
wfo-0001048229,Rhododendron,Lapponica
wfo-0001048230,Rhododendron,Lapponica
wfo-0001048235,Rhododendron,Lapponica
wfo-0001048249,Rhododendron,Lapponica
wfo-0001048250,Rhododendron,Lapponica
wfo-0001048252,Rhododendron,Lapponica
wfo-0001048259,Rhododendron,Lapponica
wfo-0001048261,Rhododendron,Saluenensia
wfo-0001048268,Rhododendron,Saluenensia
wfo-0001048271,Rhododendron,Saluenensia
wfo-0001048278,Rhododendron,Fragariflora
wfo-0001048654,Rhododendron,Glauca
wfo-0001048668,Rhododendron,Glauca
wfo-0001048675,Rhododendron,Triflora
wfo-0001048729,Rhododendron,Baileya
wfo-0001048736,Rhododendron,Trichoclada
wfo-0001048740,Rhododendron,Boothia
wfo-0001048746,Rhododendron,Cinnabarina
wfo-0001048749,Rhododendron,Uniflora
wfo-0001048790,Rhododendron,Trichoclada
wfo-0001048795,Rhododendron,Boothia
wfo-0001048806,Rhododendron,Uniflora
wfo-0001048851,Rhododendron,Tephropepla
wfo-0001048932,Rhododendron,Tephropepla
wfo-0001219685,Rhododendron,Maddenia
wfo-0001219686,Rhododendron,Maddenia
wfo-0001220772,Rhododendron,Trichoclada
wfo-0001230560,Rhododendron,Uniflora
wfo-0001230561,Rhododendron,Uniflora
wfo-0001230677,Rhododendron,Cinnabarina
wfo-0001230685,Rhododendron,Cinnabarina
wfo-0001230687,Rhododendron,Tephropepla
wfo-0001230688,Rhododendron,Tephropepla
wfo-0001230689,Rhododendron,Tephropepla
wfo-0001230690,Rhododendron,Virgatum
wfo-0001230696,Rhododendron,Boothia
wfo-0001230698,Rhododendron,Boothia
wfo-0001230699,Rhododendron,Boothia
wfo-0001230700,Rhododendron,Boothia
wfo-0001230701,Rhododendron,Camelliiflora
wfo-0001230882,Rhododendron,Glauca
wfo-0001230885,Rhododendron,Campylogyna
wfo-0001230888,Rhododendron,Genestieriana
wfo-0001230889,Rhododendron,Lepidota
wfo-0001230891,Rhododendron,Trichoclada
wfo-0001230894,Rhododendron,Trichoclada
wfo-0001231536,Rhododendron,Maddenia
wfo-0001231537,Rhododendron,Maddenia
wfo-0001231542,Rhododendron,Triflora
wfo-0001231552,Rhododendron,Boothia
wfo-0001231622,Rhododendron,Micrantha
wfo-0001238654,Rhododendron,Scabrifolium
wfo-0001248027,Rhododendron,Lapponica
wfo-0001248028,Rhododendron,Lapponica
wfo-0001248029,Rhododendron,Lapponica
wfo-0001249368,Rhododendron,Triflora
wfo-0001249369,Rhododendron,Lapponica
wfo-0001249373,Rhododendron,Lapponica
wfo-0001249374,Rhododendron,Lapponica
wfo-0001249375,Rhododendron,Lapponica
wfo-0001249377,Rhododendron,Lapponica
wfo-0001249379,Rhododendron,Lapponica
wfo-0001249383,Rhododendron,Triflora
wfo-0001249384,Rhododendron,Triflora
wfo-0001249386,Rhododendron,Lapponica
wfo-0001249387,Rhododendron,Cinnabarina
wfo-0001249389,Rhododendron,Tephropepla
wfo-0001249391,Rhododendron,Lapponica
wfo-0001249393,Rhododendron,Lapponica
wfo-0001250519,Rhododendron,Maddenia
wfo-0001250537,Rhododendron,Triflora
wfo-0001250538,Rhododendron,Heliolepida
wfo-0001250541,Rhododendron,Lapponica
wfo-0001250570,Rhododendron,Lapponica
wfo-0001250575,Rhododendron,Lapponica
wfo-0001250586,Rhododendron,Cinnabarina
wfo-0001250588,Rhododendron,Micrantha
wfo-0001250593,Rhododendron,Glauca
wfo-0001250596,Rhododendron,Glauca
wfo-0001251696,Rhododendron,Maddenia
wfo-0001251697,Rhododendron,Maddenia
wfo-0001266594,Rhododendron,Ledum
wfo-0001275534,Rhododendron,Ledum
wfo-0001275535,Rhododendron,Edgeworthia
wfo-0001275542,Rhododendron,Maddenia
wfo-0001275552,Rhododendron,Triflora
wfo-0001275564,Rhododendron,Saluenensia
wfo-0001275583,Rhododendron,Boothia
wfo-0001276025,Rhododendron,Ledum
wfo-0001279384,Rhododendron,Ledum
wfo-0001279385,Rhododendron,Ledum
wfo-0001279386,Rhododendron,Ledum
wfo-0001281035,Rhododendron,Afghanica
wfo-0001336435,Rhododendron,Tephropepla
wfo-0001342926,Rhododendron,Maddenia
wfo-1000000095,Rhododendron,Caroliniana
wfo-1000002486,Rhododendron,Heliolepida
wfo-1000002494,Rhododendron,Maddenia
wfo-1000002513,Rhododendron,Camelliiflora
wfo-1000002523,Rhododendron,Tephropepla
wfo-1000040856,Rhododendron,Maddenia
wfo-1000055594,Rhododendron,Genestieriana
wfo-1000078468,Rhododendron,Triflora
wfo-1000078496,Rhododendron,Triflora
wfo-0000399913,Schistanthe,Euvireya
wfo-0000399915,Schistanthe,Euvireya
wfo-0000399916,Schistanthe,Euvireya
wfo-0000399917,Schistanthe,Euvireya
wfo-0000399918,Schistanthe,Euvireya
wfo-0000399930,Schistanthe,Euvireya
wfo-0000399935,Schistanthe,Solenovireya
wfo-0000399936,Schistanthe,Euvireya
wfo-0000399954,Schistanthe,Euvireya
wfo-0000399955,Schistanthe,Euvireya
wfo-0000399959,Schistanthe,Euvireya
wfo-0000399963,Schistanthe,Euvireya
wfo-0000399964,Schistanthe,Malesia
wfo-0000399968,Schistanthe,Euvireya
wfo-0000399979,Schistanthe,Euvireya
wfo-0000399980,Schistanthe,Solenovireya
wfo-0000399989,Schistanthe,Euvireya
wfo-0000400037,Schistanthe,Euvireya
wfo-0000400040,Schistanthe,Euvireya
wfo-0000400043,Schistanthe,Euvireya
wfo-0000400053,Schistanthe,Euvireya
wfo-0000400096,Schistanthe,Euvireya
wfo-0000400098,Schistanthe,Solenovireya
wfo-0000400104,Schistanthe,Euvireya
wfo-0000400105,Schistanthe,Malesia
wfo-0000400159,Schistanthe,Euvireya
wfo-0000400166,Schistanthe,Euvireya
wfo-0000400171,Schistanthe,Solenovireya
wfo-0000400177,Schistanthe,Malesia
wfo-0000400179,Schistanthe,Euvireya
wfo-0000400180,Schistanthe,Malesia
wfo-0000400183,Schistanthe,Euvireya
wfo-0000400188,Schistanthe,Linnaeopsis
wfo-0000400191,Schistanthe,Malesia
wfo-0000400198,Schistanthe,Malesia
wfo-0000400216,Schistanthe,Euvireya
wfo-0000400220,Schistanthe,Linnaeopsis
wfo-0000400221,Schistanthe,Malesia
wfo-0000400227,Schistanthe,Malesia
wfo-0000400229,Schistanthe,Malesia
wfo-0000400234,Schistanthe,Solenovireya
wfo-0000400242,Schistanthe,Malesia
wfo-0000400254,Schistanthe,Solenovireya
wfo-0000400256,Schistanthe,Linnaeopsis
wfo-0000400258,Schistanthe,Malesia
wfo-0000400259,Schistanthe,Euvireya
wfo-0000400260,Schistanthe,Malesia
wfo-0000400268,Schistanthe,Malesia
wfo-0000400273,Schistanthe,Solenovireya
wfo-0000400284,Schistanthe,Linnaeopsis
wfo-0000400285,Schistanthe,Euvireya
wfo-0000400292,Schistanthe,Euvireya
wfo-0000400295,Schistanthe,Solenovireya
wfo-0000400300,Schistanthe,Euvireya
wfo-0000400310,Schistanthe,Solenovireya
wfo-0000400314,Schistanthe,Euvireya
wfo-0000400320,Schistanthe,Solenovireya
wfo-0000400323,Schistanthe,Euvireya
wfo-0000400327,Schistanthe,Euvireya
wfo-0000400334,Schistanthe,Linnaeopsis
wfo-0000400345,Schistanthe,Solenovireya
wfo-0000400349,Schistanthe,Malesia
wfo-0000400356,Schistanthe,Malesia
wfo-0000400362,Schistanthe,Euvireya
wfo-0000400373,Schistanthe,Malesia
wfo-0000400377,Schistanthe,Malesia
wfo-0000400379,Schistanthe,Euvireya
wfo-0000400383,Schistanthe,Euvireya
wfo-0000400384,Schistanthe,Euvireya
wfo-0000400387,Schistanthe,Euvireya
wfo-0000400392,Schistanthe,Euvireya
wfo-0000400395,Schistanthe,Euvireya
wfo-0000400403,Schistanthe,Solenovireya
wfo-0000400405,Schistanthe,Solenovireya
wfo-0000400407,Schistanthe,Euvireya
wfo-0000400412,Schistanthe,Malesia
wfo-0000400432,Schistanthe,Malesia
wfo-0000400435,Schistanthe,Euvireya
wfo-0000400442,Schistanthe,Euvireya
wfo-0000400445,Schistanthe,Solenovireya
wfo-0000400450,Schistanthe,Malesia
wfo-0000400454,Schistanthe,Euvireya
wfo-0000400461,Schistanthe,Euvireya
wfo-0000400462,Schistanthe,Solenovireya
wfo-0000400463,Schistanthe,Euvireya
wfo-0000400464,Schistanthe,Malesia
wfo-0000400467,Schistanthe,Linnaeopsis
wfo-0000400476,Schistanthe,Malesia
wfo-0000400488,Schistanthe,Malesia
wfo-0000400489,Schistanthe,Malesia
wfo-0000400502,Schistanthe,Malesia
wfo-0000400503,Schistanthe,Euvireya
wfo-0000400507,Schistanthe,Solenovireya
wfo-0000400579,Schistanthe,Euvireya
wfo-0000400592,Schistanthe,Euvireya
wfo-0000400601,Schistanthe,Linnaeopsis
wfo-0000400603,Schistanthe,Euvireya
wfo-0000400619,Schistanthe,Malesia
wfo-0000400624,Schistanthe,Solenovireya
wfo-0000400627,Schistanthe,Malesia
wfo-0000400632,Schistanthe,Euvireya
wfo-0000400638,Schistanthe,Euvireya
wfo-0000400656,Schistanthe,Euvireya
wfo-0000400666,Schistanthe,Solenovireya
wfo-0000400674,Schistanthe,Euvireya
wfo-0000400683,Schistanthe,Euvireya
wfo-0000400686,Schistanthe,Malesia
wfo-0000400690,Schistanthe,Euvireya
wfo-0000400691,Schistanthe,Solenovireya
wfo-0000400693,Schistanthe,Euvireya
wfo-0000400703,Schistanthe,Euvireya
wfo-0000400744,Schistanthe,Linnaeopsis
wfo-0000400746,Schistanthe,Solenovireya
wfo-0000400789,Schistanthe,Malesia
wfo-0000400791,Schistanthe,Malesia
wfo-0000400799,Schistanthe,Euvireya
wfo-0000400802,Schistanthe,Malesia
wfo-0000400812,Schistanthe,Euvireya
wfo-0000400828,Schistanthe,Euvireya
wfo-0000403001,Schistanthe,Malesia
wfo-0000403009,Schistanthe,Solenovireya
wfo-0000403012,Schistanthe,Euvireya
wfo-0000403015,Schistanthe,Malesia
wfo-0000403024,Schistanthe,Linnaeopsis
wfo-0000403025,Schistanthe,Euvireya
wfo-0000403051,Schistanthe,Euvireya
wfo-0000403055,Schistanthe,Euvireya
wfo-0000403058,Schistanthe,Malesia
wfo-0000403117,Schistanthe,Malesia
wfo-0000403118,Schistanthe,Malesia
wfo-0000403124,Schistanthe,Euvireya
wfo-0000403256,Schistanthe,Euvireya
wfo-0000403302,Schistanthe,Solenovireya
wfo-0000403303,Schistanthe,Solenovireya
wfo-0000403304,Schistanthe,Solenovireya
wfo-0000403319,Schistanthe,Linnaeopsis
wfo-0000405358,Schistanthe,Linnaeopsis
wfo-0000405359,Schistanthe,Euvireya
wfo-0000405367,Schistanthe,Saxifragoidea
wfo-0000405369,Schistanthe,Euvireya
wfo-0000405370,Schistanthe,Malesia
wfo-0000405373,Schistanthe,Euvireya
wfo-0000405376,Schistanthe,Euvireya
wfo-0000405380,Schistanthe,Euvireya
wfo-0000405387,Schistanthe,Malesia
wfo-0000405391,Schistanthe,Euvireya
wfo-0000405392,Schistanthe,Solenovireya
wfo-0000405410,Schistanthe,Euvireya
wfo-0000405416,Schistanthe,Malesia
wfo-0000405418,Schistanthe,Euvireya
wfo-0000405420,Schistanthe,Euvireya
wfo-0000405421,Schistanthe,Solenovireya
wfo-0000405429,Schistanthe,Solenovireya
wfo-0000405435,Schistanthe,Malesia
wfo-0000405436,Schistanthe,Euvireya
wfo-0000405440,Schistanthe,Malesia
wfo-0000405441,Schistanthe,Solenovireya
wfo-0000405444,Schistanthe,Malesia
wfo-0000405446,Schistanthe,Euvireya
wfo-0000405456,Schistanthe,Malesia
wfo-0000405485,Schistanthe,Euvireya
wfo-0000405488,Schistanthe,Euvireya
wfo-0000405489,Schistanthe,Solenovireya
wfo-0000405492,Schistanthe,Solenovireya
wfo-0000405495,Schistanthe,Euvireya
wfo-0000405501,Schistanthe,Malesia
wfo-0000405502,Schistanthe,Malesia
wfo-0000405504,Schistanthe,Euvireya
wfo-0000405510,Schistanthe,Solenovireya
wfo-0000405513,Schistanthe,Solenovireya
wfo-0000405515,Schistanthe,Solenovireya
wfo-0000405517,Schistanthe,Euvireya
wfo-0000405518,Schistanthe,Linnaeopsis
wfo-0000405522,Schistanthe,Malesia
wfo-0000405524,Schistanthe,Malesia
wfo-0000405531,Schistanthe,Euvireya
wfo-0000405540,Schistanthe,Euvireya
wfo-0000405568,Schistanthe,Linnaeopsis
wfo-0000405570,Schistanthe,Malesia
wfo-0000405573,Schistanthe,Euvireya
wfo-0000405622,Schistanthe,Euvireya
wfo-0000405631,Schistanthe,Solenovireya
wfo-0000405641,Schistanthe,Malesia
wfo-0000405645,Schistanthe,Euvireya
wfo-0000405649,Schistanthe,Malesia
wfo-0000405653,Schistanthe,Malesia
wfo-0000405680,Schistanthe,Euvireya
wfo-0000405687,Schistanthe,Malesia
wfo-0000405691,Schistanthe,Malesia
wfo-0000405695,Schistanthe,Euvireya
wfo-0000405700,Schistanthe,Linnaeopsis
wfo-0000405701,Schistanthe,Euvireya
wfo-0000405702,Schistanthe,Euvireya
wfo-0000405712,Schistanthe,Malesia
wfo-0000405721,Schistanthe,Euvireya
wfo-0000405725,Schistanthe,Malesia
wfo-0000405730,Schistanthe,Malesia
wfo-0000405735,Schistanthe,Euvireya
wfo-0000406458,Schistanthe,Euvireya
wfo-0000406461,Schistanthe,Malesia
wfo-0000406469,Schistanthe,Euvireya
wfo-0000744589,Schistanthe,Euvireya
wfo-0000744594,Schistanthe,Euvireya
wfo-0000747100,Schistanthe,Euvireya
wfo-0001341950,Schistanthe,Euvireya
wfo-0001341954,Schistanthe,Euvireya
wfo-1000002484,Schistanthe,Euvireya
wfo-1000002487,Schistanthe,Malesia
wfo-1000002488,Schistanthe,Euvireya
wfo-1000002498,Schistanthe,Solenovireya
wfo-1000002501,Schistanthe,Solenovireya
wfo-1000002524,Schistanthe,Euvireya
wfo-1000002525,Schistanthe,Malesia
wfo-1000002528,Schistanthe,Euvireya
wfo-1000002529,Schistanthe,Euvireya
wfo-1000056284,Schistanthe,Euvireya
wfo-1000075093,Schistanthe,Euvireya
wfo-0000399969,Tsutsutsi,Brachycalyces
wfo-0000400036,Tsutsutsi,Tsutsusi
wfo-0000400047,Tsutsutsi,Tsutsusi
wfo-0000400048,Tsutsutsi,Tsutsusi
wfo-0000400049,Tsutsutsi,Brachycalyces
wfo-0000400055,Tsutsutsi,Tsutsusi
wfo-0000400101,Tsutsutsi,Brachycalyces
wfo-0000400336,Tsutsutsi,Brachycalyces
wfo-0000400354,Tsutsutsi,Tsutsusi
wfo-0000400363,Tsutsutsi,Brachycalyces
wfo-0000400401,Tsutsutsi,Tsutsusi
wfo-0000400482,Tsutsutsi,Tsutsusi
wfo-0000400596,Tsutsutsi,Brachycalyces
wfo-0000400597,Tsutsutsi,Brachycalyces
wfo-0000400687,Tsutsutsi,Tsutsusi
wfo-0000400716,Tsutsutsi,Brachycalyces
wfo-0000400727,Tsutsutsi,Brachycalyces
wfo-0000400735,Tsutsutsi,Brachycalyces
wfo-0000400809,Tsutsutsi,Tsutsusi
wfo-0000400820,Tsutsutsi,Brachycalyces
wfo-0000405366,Tsutsutsi,Tsutsusi
wfo-0000405372,Tsutsutsi,Tsutsusi
wfo-0000405379,Tsutsutsi,Tsutsusi
wfo-0000405395,Tsutsutsi,Tsutsusi
wfo-0000405402,Tsutsutsi,Brachycalyces
wfo-0000405432,Tsutsutsi,Tsutsusi
wfo-0000405451,Tsutsutsi,Tsutsusi
wfo-0000405453,Tsutsutsi,Tsutsusi
wfo-0000405490,Tsutsutsi,Brachycalyces
wfo-0000405505,Tsutsutsi,Tsutsusi
wfo-0000405538,Tsutsutsi,Tsutsusi
wfo-0000405565,Tsutsutsi,Tsutsusi
wfo-0000405567,Tsutsutsi,Brachycalyces
wfo-0000405629,Tsutsutsi,Tsutsusi
wfo-0000405632,Tsutsutsi,Tsutsusi
wfo-0000405635,Tsutsutsi,Brachycalyces
wfo-0000405636,Tsutsutsi,Tsutsusi
wfo-0000405682,Tsutsutsi,Brachycalyces
wfo-0000405689,Tsutsutsi,Brachycalyces
wfo-0000744596,Tsutsutsi,Tsutsusi
wfo-0000747737,Tsutsutsi,Tsutsusi
wfo-0000750106,Tsutsutsi,Tsutsusi
wfo-0000750130,Tsutsutsi,Tsutsusi
wfo-0001047941,Tsutsutsi,Tsutsusi
wfo-0001047943,Tsutsutsi,Tsutsusi
wfo-0001048263,Tsutsutsi,Tsutsusi
wfo-0001048298,Tsutsutsi,Tsutsusi
wfo-0001048927,Tsutsutsi,Brachycalyces
wfo-0001048945,Tsutsutsi,Tsutsusi
wfo-0001048960,Tsutsutsi,Tsutsusi
wfo-0001048962,Tsutsutsi,Tsutsusi
wfo-0001220133,Tsutsutsi,Tsutsusi
wfo-0001220141,Tsutsutsi,Tsutsusi
wfo-0001220144,Tsutsutsi,Tsutsusi
wfo-0001220805,Tsutsutsi,Tsutsusi
wfo-0001220806,Tsutsutsi,Tsutsusi
wfo-0001226886,Tsutsutsi,Tsutsusi
wfo-0001228144,Tsutsutsi,Tsutsusi
wfo-0001228146,Tsutsutsi,Tsutsusi
wfo-0001228147,Tsutsutsi,Tsutsusi
wfo-0001228367,Tsutsutsi,Tsutsusi
wfo-0001228541,Tsutsutsi,Tsutsusi
wfo-0001229778,Tsutsutsi,Tsutsusi
wfo-0001229784,Tsutsutsi,Tsutsusi
wfo-0001229796,Tsutsutsi,Tsutsusi
wfo-0001229801,Tsutsutsi,Tsutsusi
wfo-0001229802,Tsutsutsi,Tsutsusi
wfo-0001229804,Tsutsutsi,Tsutsusi
wfo-0001229805,Tsutsutsi,Tsutsusi
wfo-0001229806,Tsutsutsi,Tsutsusi
wfo-0001229807,Tsutsutsi,Tsutsusi
wfo-0001229808,Tsutsutsi,Tsutsusi
wfo-0001229811,Tsutsutsi,Tsutsusi
wfo-0001229812,Tsutsutsi,Tsutsusi
wfo-0001229826,Tsutsutsi,Tsutsusi
wfo-0001229835,Tsutsutsi,Tsutsusi
wfo-0001229836,Tsutsutsi,Tsutsusi
wfo-0001229839,Tsutsutsi,Tsutsusi
wfo-0001229843,Tsutsutsi,Tsutsusi
wfo-0001229845,Tsutsutsi,Tsutsusi
wfo-0001229847,Tsutsutsi,Tsutsusi
wfo-0001229848,Tsutsutsi,Tsutsusi
wfo-0001229849,Tsutsutsi,Tsutsusi
wfo-0001229850,Tsutsutsi,Tsutsusi
wfo-0001229851,Tsutsutsi,Tsutsusi
wfo-0001229852,Tsutsutsi,Tsutsusi
wfo-0001229854,Tsutsutsi,Tsutsusi
wfo-0001229857,Tsutsutsi,Tsutsusi
wfo-0001229858,Tsutsutsi,Tsutsusi
wfo-0001229859,Tsutsutsi,Tsutsusi
wfo-0001229860,Tsutsutsi,Tsutsusi
wfo-0001229861,Tsutsutsi,Tsutsusi
wfo-0001229863,Tsutsutsi,Tsutsusi
wfo-0001229864,Tsutsutsi,Tsutsusi
wfo-0001229866,Tsutsutsi,Tsutsusi
wfo-0001229867,Tsutsutsi,Tsutsusi
wfo-0001229868,Tsutsutsi,Tsutsusi
wfo-0001229869,Tsutsutsi,Tsutsusi
wfo-0001229870,Tsutsutsi,Tsutsusi
wfo-0001229872,Tsutsutsi,Tsutsusi
wfo-0001229873,Tsutsutsi,Tsutsusi
wfo-0001229874,Tsutsutsi,Tsutsusi
wfo-0001229875,Tsutsutsi,Tsutsusi
wfo-0001229876,Tsutsutsi,Tsutsusi
wfo-0001231626,Tsutsutsi,Tsutsusi
wfo-0001231784,Tsutsutsi,Tsutsusi
wfo-0001231785,Tsutsutsi,Tsutsusi
wfo-0001231787,Tsutsutsi,Tsutsusi
wfo-0001231788,Tsutsutsi,Tsutsusi
wfo-0001234423,Tsutsutsi,Tsutsusi
wfo-0001239133,Tsutsutsi,Tsutsusi
wfo-0001247845,Tsutsutsi,Brachycalyces
wfo-0001261393,Tsutsutsi,Tsutsusi
wfo-0001273677,Tsutsutsi,Brachycalyces
wfo-1000002485,Tsutsutsi,Brachycalyces
wfo-1000002495,Tsutsutsi,Brachycalyces
wfo-1000002504,Tsutsutsi,Tsutsusi
wfo-1000002515,Tsutsutsi,Tsutsusi
wfo-1000078753,Tsutsutsi,Tsutsusi
wfo-1000078756,Tsutsutsi,Brachycalyces
wfo-0000400196,Sciadorhodion,
wfo-0000400225,Sciadorhodion,
wfo-0000400307,Azaleastrum,
wfo-0000400494,Sciadorhodion,
wfo-0000405386,Tsutsutsi,
wfo-0000405714,Azaleastrum,
wfo-0000749218,Sciadorhodion,
wfo-0000749222,Sciadorhodion,
wfo-0000749223,Sciadorhodion,
wfo-0000749230,Sciadorhodion,
wfo-0000750120,Sciadorhodion,
wfo-0000750121,Sciadorhodion,
wfo-0000750122,Sciadorhodion,
wfo-0000750124,Sciadorhodion,
wfo-0000750125,Sciadorhodion,
wfo-0000750128,Sciadorhodion,
wfo-0001047060,Sciadorhodion,
wfo-0001047083,Sciadorhodion,
wfo-0001047837,Sciadorhodion,
wfo-0001047946,Tsutsutsi,
wfo-0001048707,Azaleastrum,
wfo-0001048914,Azaleastrum,
wfo-0001048922,Azaleastrum,
wfo-0001229720,Azaleastrum,
wfo-0001229726,Azaleastrum,
wfo-0001229728,Azaleastrum,
wfo-0001229729,Azaleastrum,
wfo-0001229730,Azaleastrum,
wfo-0000403050,Pontica,
wfo-0001245657,Rhodora,
wfo-1000002483,Pontica,
wfo-1000036138,Pontica,
wfo-0000400169,Pogonanthum,
wfo-0000400491,Pogonanthum,
wfo-0000400622,Rhododendron,
wfo-0000400626,Pogonanthum,
wfo-0001048738,Pogonanthum,
wfo-0001048772,Pogonanthum,
wfo-0001048911,Pogonanthum,
wfo-0001048912,Pogonanthum,
wfo-0001048917,Pogonanthum,
wfo-0001048940,Pogonanthum,
wfo-0001219687,Pogonanthum,
wfo-0001219688,Pogonanthum,
wfo-0001230899,Pogonanthum,
wfo-0001230904,Pogonanthum,
wfo-0001230905,Pogonanthum,
wfo-0001230913,Pogonanthum,
wfo-0001231623,Pogonanthum,
wfo-0001231624,Pogonanthum,
wfo-0001249376,Pogonanthum,
wfo-0001249378,Pogonanthum,
wfo-0001249390,Pogonanthum,
wfo-0001250627,Pogonanthum,
wfo-0001281034,Pogonanthum,
wfo-0001344428,Pogonanthum,
wfo-0000399924,Malayovireya,
wfo-0000399945,Discovireya,
wfo-0000399995,Malayovireya,
wfo-0000400039,Hadranthe,
wfo-0000400056,Hadranthe,
wfo-0000400062,Hadranthe,
wfo-0000400097,Malayovireya,
wfo-0000400103,Albovireya,
wfo-0000400106,Albovireya,
wfo-0000400165,Albovireya,
wfo-0000400173,Hadranthe,
wfo-0000400206,Hadranthe,
wfo-0000400208,Discovireya,
wfo-0000400212,Hadranthe,
wfo-0000400223,Discovireya,
wfo-0000400236,Siphonovireya,
wfo-0000400238,Siphonovireya,
wfo-0000400241,Hadranthe,
wfo-0000400244,Albovireya,
wfo-0000400248,Hadranthe,
wfo-0000400269,Hadranthe,
wfo-0000400274,Discovireya,
wfo-0000400282,Malayovireya,
wfo-0000400286,Discovireya,
wfo-0000400288,Hadranthe,
wfo-0000400289,Discovireya,
wfo-0000400311,Discovireya,
wfo-0000400313,Hadranthe,
wfo-0000400319,Hadranthe,
wfo-0000400344,Malayovireya,
wfo-0000400368,Discovireya,
wfo-0000400378,Discovireya,
wfo-0000400398,Hadranthe,
wfo-0000400408,Albovireya,
wfo-0000400419,Hadranthe,
wfo-0000400424,Malayovireya,
wfo-0000400428,Hadranthe,
wfo-0000400436,Discovireya,
wfo-0000400466,Discovireya,
wfo-0000400473,Hadranthe,
wfo-0000400479,Hadranthe,
wfo-0000400481,Discovireya,
wfo-0000400483,Albovireya,
wfo-0000400490,Malayovireya,
wfo-0000400495,Albovireya,
wfo-0000400506,Siphonovireya,
wfo-0000400580,Malayovireya,
wfo-0000400607,Discovireya,
wfo-0000400608,Hadranthe,
wfo-0000400616,Siphonovireya,
wfo-0000400618,Hadranthe,
wfo-0000400628,Hadranthe,
wfo-0000400629,Albovireya,
wfo-0000400635,Siphonovireya,
wfo-0000400641,Hadranthe,
wfo-0000400642,Discovireya,
wfo-0000400685,Siphonovireya,
wfo-0000400710,Hadranthe,
wfo-0000400714,Siphonovireya,
wfo-0000400718,Malayovireya,
wfo-0000400732,Hadranthe,
wfo-0000400734,Hadranthe,
wfo-0000400740,Discovireya,
wfo-0000400742,Hadranthe,
wfo-0000400749,Malayovireya,
wfo-0000400766,Discovireya,
wfo-0000400771,Hadranthe,
wfo-0000400800,Malayovireya,
wfo-0000400807,Discovireya,
wfo-0000400815,Discovireya,
wfo-0000400819,Malayovireya,
wfo-0000400824,Hadranthe,
wfo-0000400827,Hadranthe,
wfo-0000400829,Hadranthe,
wfo-0000403008,Siphonovireya,
wfo-0000403011,Discovireya,
wfo-0000403013,Albovireya,
wfo-0000403120,Albovireya,
wfo-0000403261,Albovireya,
wfo-0000405362,Hadranthe,
wfo-0000405378,Discovireya,
wfo-0000405383,Siphonovireya,
wfo-0000405384,Discovireya,
wfo-0000405417,Hadranthe,
wfo-0000405427,Hadranthe,
wfo-0000405430,Hadranthe,
wfo-0000405437,Hadranthe,
wfo-0000405458,Schistanthe,
wfo-0000405478,Discovireya,
wfo-0000405482,Hadranthe,
wfo-0000405491,Hadranthe,
wfo-0000405496,Hadranthe,
wfo-0000405497,Hadranthe,
wfo-0000405506,Hadranthe,
wfo-0000405519,Hadranthe,
wfo-0000405539,Albovireya,
wfo-0000405541,Albovireya,
wfo-0000405625,Hadranthe,
wfo-0000405637,Hadranthe,
wfo-0000405644,Hadranthe,
wfo-0000405659,Discovireya,
wfo-0000405672,Hadranthe,
wfo-0000405694,Malayovireya,
wfo-0000405706,Malayovireya,
wfo-0000405727,Malayovireya,
wfo-0000405729,Albovireya,
wfo-0000507898,Siphonovireya,
wfo-0000507899,Siphonovireya,
wfo-0001242988,Discovireya,
wfo-0001257576,Hadranthe,
wfo-0001332431,Siphonovireya,
wfo-0001334722,Hadranthe,
wfo-0001345025,Hadranthe,
wfo-1000000092,Malayovireya,
wfo-1000001733,Hadranthe,
wfo-1000002491,Hadranthe,
wfo-1000002500,Hadranthe,
wfo-1000002514,Siphonovireya,
wfo-1000002530,Discovireya,
wfo-1000040555,Discovireya,
wfo-1000040577,Hadranthe,
wfo-1000075094,Schistanthe,
wfo-0000400684,Pseudovireya,
wfo-0000405404,Pseudovireya,
wfo-0000405481,Pseudovireya,
wfo-0000747041,Pseudovireya,
wfo-0001048928,Pseudovireya,
wfo-0001219294,Pseudovireya,
wfo-0001228141,Pseudovireya,
wfo-0001231547,Pseudovireya,
wfo-0001243284,Pseudovireya,
wfo-0001250631,Pseudovireya,
wfo-0001250632,Pseudovireya,
wfo-0001257577,Pseudovireya,
wfo-0001347318,Pseudovireya,
