taxonID,scianem,auth,subgenus,section,subsection
wfo-0001048922,Rhododendron bachii,H.Lév.,Azaleastrum,Azaleastrum,
wfo-0001229726,Rhododendron hangzhouense,W.P.Fang & M.Y.He,Azaleastrum,Azaleastrum,
wfo-0001229728,Rhododendron hongkongense,Hutch.,Azaleastrum,Azaleastrum,
wfo-0001048707,Rhododendron leptothrium,Balf.f. & Forrest,Azaleastrum,Azaleastrum,
wfo-0001229730,Rhododendron medoense,W.P.Fang & M.Y.He,Azaleastrum,Azaleastrum,
wfo-0000400307,Rhododendron ngawchangensis,M.N.Philipson & Philipson,Azaleastrum,Azaleastrum,
wfo-0001229720,Rhododendron ovatum,(Lindl.) Maxim. ex Planch.,Azaleastrum,Azaleastrum,
wfo-0001229729,Rhododendron tianlinense,P.C.Tam,Azaleastrum,Azaleastrum,
wfo-0000405714,Rhododendron uwaense,H.Hara & T.Yamanaka,Azaleastrum,Azaleastrum,
wfo-0001048914,Rhododendron vialii,Delavay & Franch.,Azaleastrum,Azaleastrum,
wfo-1000007435,Rhododendron microcarpum,R.L.Liu & L.M.Gao,Azaleastrum,,
wfo-0001047060,Rhododendron albiflorum,Hook.,Azaleastrum,Sciadorhodion,
wfo-0000400494,Rhododendron albrechtii,Maxim.,Azaleastrum,Sciadorhodion,
wfo-0000750120,Rhododendron benhallii,Craven,Azaleastrum,Sciadorhodion,
wfo-0000750128,Rhododendron goyozanense,(M.Kikuchi) Craven,Azaleastrum,Sciadorhodion,
wfo-0000749223,Rhododendron × kamatae,(Mochizuki) Craven,Azaleastrum,Sciadorhodion,
wfo-0000750122,Rhododendron katsumatae,(M.Tash. & H.Hatta) Craven,Azaleastrum,Sciadorhodion,
wfo-0000749218,Rhododendron kroniae,Craven,Azaleastrum,Sciadorhodion,
wfo-0000750124,Rhododendron menziesii,Craven,Azaleastrum,Sciadorhodion,
wfo-0000750125,Rhododendron multiflorum,(Maxim.) Craven,Azaleastrum,Sciadorhodion,
wfo-0000750121,Rhododendron pentandrum,(Maxim.) Craven,Azaleastrum,Sciadorhodion,
wfo-0000400196,Rhododendron pentaphyllum,Maxim.,Azaleastrum,Sciadorhodion,
wfo-0000749222,Rhododendron pilosum,(Michx.) Craven,Azaleastrum,Sciadorhodion,
wfo-0000400225,Rhododendron quinquefolium,Bisset & S.Moore,Azaleastrum,Sciadorhodion,
wfo-0001047837,Rhododendron schlippenbachii,Maxim.,Azaleastrum,Sciadorhodion,
wfo-0001047083,Rhododendron vaseyi,A.Gray,Azaleastrum,Sciadorhodion,
wfo-0000749230,Rhododendron yakushimense,(M.Tash. & H.Hatta) Craven,Azaleastrum,Sciadorhodion,
wfo-0000400596,Rhododendron amagianum,(Makino) Makino ex H.Hara,Azaleastrum,Tsutsutsi,Brachycalyces
wfo-0000400597,Rhododendron amakusaense,(T.Yamaz) T.Yamaz,Azaleastrum,Tsutsutsi,Brachycalyces
wfo-1000002485,Rhododendron awatosaense,Minamit. & Yonek.,Azaleastrum,Tsutsutsi,Brachycalyces
wfo-0001247845,Rhododendron chilanshanense,Kurash.,Azaleastrum,Tsutsutsi,Brachycalyces
wfo-0000400735,Rhododendron dilatatum,Miq.,Azaleastrum,Tsutsutsi,Brachycalyces
wfo-0000400820,Rhododendron farrerae,Tate ex Sweet,Azaleastrum,Tsutsutsi,Brachycalyces
wfo-0000400716,Rhododendron hidakanum,H.Hara,Azaleastrum,Tsutsutsi,Brachycalyces
wfo-1000078756,Rhododendron huadingense,B.Y.Ding & Y.Y.Fang,Azaleastrum,Tsutsutsi,Brachycalyces
wfo-0000400727,Rhododendron hyugaense,(T.Yamaz.) T.Yamaz,Azaleastrum,Tsutsutsi,Brachycalyces
wfo-0000400049,Rhododendron kiyosumense,(Makino) Makino,Azaleastrum,Tsutsutsi,Brachycalyces
wfo-1000002495,Rhododendron kyushuense,Minamit.,Azaleastrum,Tsutsutsi,Brachycalyces
wfo-0000400101,Rhododendron lagopus,Nakai,Azaleastrum,Tsutsutsi,Brachycalyces
wfo-0001048927,Rhododendron mariesii,Hemsl. & E.H.Wilson,Azaleastrum,Tsutsutsi,Brachycalyces
wfo-0000399969,Rhododendron mayebarae,Nakai & Hara,Azaleastrum,Tsutsutsi,Brachycalyces
wfo-0000400363,Rhododendron nudipes,Nakai,Azaleastrum,Tsutsutsi,Brachycalyces
wfo-0000400336,Rhododendron osuzuyamense,T.Yamaz,Azaleastrum,Tsutsutsi,Brachycalyces
wfo-0000405490,Rhododendron reticulatum,D.Don ex G.Don,Azaleastrum,Tsutsutsi,Brachycalyces
wfo-0000405402,Rhododendron sanctum,Nakai,Azaleastrum,Tsutsutsi,Brachycalyces
wfo-0000405635,Rhododendron tsurugisanense,(T.Yamaz.) T.Yamaz,Azaleastrum,Tsutsutsi,Brachycalyces
wfo-0000405682,Rhododendron viscistylum,Nakai,Azaleastrum,Tsutsutsi,Brachycalyces
wfo-0000405689,Rhododendron wadanum,Makino,Azaleastrum,Tsutsutsi,Brachycalyces
wfo-0001273677,Rhododendron weyrichii,Maxim.,Azaleastrum,Tsutsutsi,Brachycalyces
wfo-0000405567,Rhododendron yakumontanum,(T.Yamaz) T.Yamaz,Azaleastrum,Tsutsutsi,Brachycalyces
wfo-0000405386,Rhododendron semibarbatum,Maxim.,Azaleastrum,Tsutsutsi,
wfo-0001047946,Rhododendron tsoi,Merr.,Azaleastrum,Tsutsutsi,
wfo-0001229845,Rhododendron adenanthum,M.Y.He,Azaleastrum,Tsutsutsi,Tsutsutsi
wfo-0000400482,Rhododendron adenobracteum,X.F.Gao & Y.L.Peng,Azaleastrum,Tsutsutsi,Tsutsutsi
wfo-0000400401,Rhododendron arunachalense,D.F.Chamb. & S.J.Rae,Azaleastrum,Tsutsutsi,Tsutsutsi
wfo-0001229836,Rhododendron bicorniculatum,P.C.Tam,Azaleastrum,Tsutsutsi,Tsutsutsi
wfo-0000747737,Rhododendron boninense,Nakai,Azaleastrum,Tsutsutsi,Tsutsutsi
wfo-0001220133,Rhododendron breviperulatum,Hayata,Azaleastrum,Tsutsutsi,Tsutsutsi
wfo-0001231787,Rhododendron chaoanense,D.C.Wu & P.C.Tam,Azaleastrum,Tsutsutsi,Tsutsutsi
wfo-0001229826,Rhododendron chrysocalyx,H.Lév. & Vaniot,Azaleastrum,Tsutsutsi,Tsutsutsi
wfo-0001048962,Rhododendron chunii,W.P.Fang,Azaleastrum,Tsutsutsi,Tsutsutsi
wfo-0001229804,Rhododendron crassimedium,P.C.Tam,Azaleastrum,Tsutsutsi,Tsutsutsi
wfo-0001229849,Rhododendron crassistylum,M.Y.He,Azaleastrum,Tsutsutsi,Tsutsutsi
wfo-0001229860,Rhododendron cretaceum,P.C.Tam,Azaleastrum,Tsutsutsi,Tsutsutsi
wfo-0000400809,Rhododendron eriocarpum,(Hayata) Nakai,Azaleastrum,Tsutsutsi,Tsutsutsi
wfo-0001229868,Rhododendron flosculum,W.P.Fang & G.Z.Li,Azaleastrum,Tsutsutsi,Tsutsutsi
wfo-0001229872,Rhododendron flumineum,W.P.Fang & M.Y.He,Azaleastrum,Tsutsutsi,Tsutsutsi
wfo-0001228367,Rhododendron fuchsiifolium,H.Lév.,Azaleastrum,Tsutsutsi,Tsutsutsi
wfo-0001229851,Rhododendron fuscipilum,M.Y.He,Azaleastrum,Tsutsutsi,Tsutsutsi
wfo-0001229835,Rhododendron gratiosum,P.C.Tam,Azaleastrum,Tsutsutsi,Tsutsutsi
wfo-0001239133,Rhododendron guizhongense,G.Z.Li,Azaleastrum,Tsutsutsi,Tsutsutsi
wfo-0001048298,Rhododendron hainanense,Merr.,Azaleastrum,Tsutsutsi,Tsutsutsi
wfo-0001229806,Rhododendron huiyangense,W.P.Fang & M.Y.He,Azaleastrum,Tsutsutsi,Tsutsutsi
wfo-0001229852,Rhododendron hunanense,Chun & P.C.Tam,Azaleastrum,Tsutsutsi,Tsutsutsi
wfo-0000400687,Rhododendron indicum,(L.) Sweet,Azaleastrum,Tsutsutsi,Tsutsutsi
wfo-0001229812,Rhododendron jasminoides,M.Y.He,Azaleastrum,Tsutsutsi,Tsutsutsi
wfo-0001229866,Rhododendron jinpingense,W.P.Fang & M.Y.He,Azaleastrum,Tsutsutsi,Tsutsutsi
wfo-0001229870,Rhododendron jinxiuense,W.P.Fang & M.Y.He,Azaleastrum,Tsutsutsi,Tsutsutsi
wfo-0000400047,Rhododendron kaempferi,Planch.,Azaleastrum,Tsutsutsi,Tsutsutsi
wfo-0000400036,Rhododendron kanehirae,E.H.Wilson,Azaleastrum,Tsutsutsi,Tsutsutsi
wfo-0000400055,Rhododendron kiusianum,Makino,Azaleastrum,Tsutsutsi,Tsutsutsi
wfo-0000400048,Rhododendron komiyamae,Makino,Azaleastrum,Tsutsutsi,Tsutsutsi
wfo-0001229839,Rhododendron kwangsiense,Hu ex W.P.Fang,Azaleastrum,Tsutsutsi,Tsutsutsi
wfo-0001048960,Rhododendron kwangtungense,Merr. & Chun,Azaleastrum,Tsutsutsi,Tsutsutsi
wfo-0001220141,Rhododendron lasiostylum,Hayata,Azaleastrum,Tsutsutsi,Tsutsutsi
wfo-0000750130,Rhododendron lilacinum,Xiang Chen & X.Chen,Azaleastrum,Tsutsutsi,Tsutsutsi
wfo-0001234423,Rhododendron linguiense,G.Z.Li,Azaleastrum,Tsutsutsi,Tsutsutsi
wfo-0001229808,Rhododendron litchiifolium,T.C.Wu & P.C.Tam,Azaleastrum,Tsutsutsi,Tsutsutsi
wfo-0001228147,Rhododendron longifalcatum,P.C.Tam,Azaleastrum,Tsutsutsi,Tsutsutsi
wfo-0001220144,Rhododendron longiperulatum,Hayata,Azaleastrum,Tsutsutsi,Tsutsutsi
wfo-0001229874,Rhododendron loniceriflorum,P.C.Tam,Azaleastrum,Tsutsutsi,Tsutsutsi
wfo-0001229858,Rhododendron malipoense,M.Y.He,Azaleastrum,Tsutsutsi,Tsutsutsi
wfo-0001047941,Rhododendron mariae,Hance,Azaleastrum,Tsutsutsi,Tsutsutsi
wfo-0001228144,Rhododendron meridionale,P.C.Tam,Azaleastrum,Tsutsutsi,Tsutsutsi
wfo-0001229843,Rhododendron microphyton,Franch.,Azaleastrum,Tsutsutsi,Tsutsutsi
wfo-0001226886,Rhododendron minutiflorum,Hu,Azaleastrum,Tsutsutsi,Tsutsutsi
wfo-0001229801,Rhododendron mucronatum,(Blume) G.Don,Azaleastrum,Tsutsutsi,Tsutsutsi
wfo-0001229854,Rhododendron myrsinifolium,Ching ex W.P.Fang & M.Y.He,Azaleastrum,Tsutsutsi,Tsutsutsi
wfo-0001047943,Rhododendron naamkwanense,Merr.,Azaleastrum,Tsutsutsi,Tsutsutsi
wfo-0001220805,Rhododendron nakaharae,Hayata,Azaleastrum,Tsutsutsi,Tsutsutsi
wfo-0001229811,Rhododendron nanpingense,P.C.Tam,Azaleastrum,Tsutsutsi,Tsutsutsi
wfo-0000400354,Rhododendron nipponicum,Mastsum.,Azaleastrum,Tsutsutsi,Tsutsutsi
wfo-0001231785,Rhododendron noriakianum,T.Suzuki,Azaleastrum,Tsutsutsi,Tsutsutsi
wfo-0001229796,Rhododendron octandrum,M.Y.He,Azaleastrum,Tsutsutsi,Tsutsutsi
wfo-0001220806,Rhododendron oldhamii,Maxim.,Azaleastrum,Tsutsutsi,Tsutsutsi
wfo-0001231788,Rhododendron pinetorum,P.C.Tam,Azaleastrum,Tsutsutsi,Tsutsutsi
wfo-1000002504,Rhododendron pudingense,"X.Y.Dai, C.H.Yang & Y.P.Ma",Azaleastrum,Tsutsutsi,Tsutsutsi
wfo-0001228541,Rhododendron pulchroides,Chun & W.P.Fang,Azaleastrum,Tsutsutsi,Tsutsutsi
wfo-0001229859,Rhododendron qianyangense,M.Y.He,Azaleastrum,Tsutsutsi,Tsutsutsi
wfo-0001229863,Rhododendron rhodanthum,M.Y.He,Azaleastrum,Tsutsutsi,Tsutsutsi
wfo-0001229850,Rhododendron rhuyuenense,Chun ex P.C.Tam,Azaleastrum,Tsutsutsi,Tsutsutsi
wfo-0000405505,Rhododendron ripense,Makino,Azaleastrum,Tsutsutsi,Tsutsutsi
wfo-0001048263,Rhododendron rivulare,Hand.-Mazz.,Azaleastrum,Tsutsutsi,Tsutsutsi
wfo-0001048945,Rhododendron rubropilosum,Hayata,Azaleastrum,Tsutsutsi,Tsutsutsi
wfo-0001229802,Rhododendron rufohirtum,Hand.-Mazz.,Azaleastrum,Tsutsutsi,Tsutsutsi
wfo-0000405395,Rhododendron saisiuense,Nakai & H.Hara,Azaleastrum,Tsutsutsi,Tsutsutsi
wfo-0001229869,Rhododendron saxatile,B.Y.Ding & Y.Y.Fang,Azaleastrum,Tsutsutsi,Tsutsutsi
wfo-0000405366,Rhododendron saxicola,Sleumer,Azaleastrum,Tsutsutsi,Tsutsutsi
wfo-0000405372,Rhododendron scabrum,G.Don,Azaleastrum,Tsutsutsi,Tsutsutsi
wfo-0001229864,Rhododendron seniavinii,Maxim.,Azaleastrum,Tsutsutsi,Tsutsutsi
wfo-0000405379,Rhododendron serpyllifolium,(A.Gray) Miq.,Azaleastrum,Tsutsutsi,Tsutsutsi
wfo-0001231784,Rhododendron sikayotaizanense,Masam.,Azaleastrum,Tsutsutsi,Tsutsutsi
wfo-0000405453,Rhododendron simsii,Planch.,Azaleastrum,Tsutsutsi,Tsutsutsi
wfo-1000002515,Rhododendron sohayakiense,Y.Watan & T.Yukawa,Azaleastrum,Tsutsutsi,Tsutsutsi
wfo-1000078753,Rhododendron sparsifolium,W.P.Fang,Azaleastrum,Tsutsutsi,Tsutsutsi
wfo-0000405432,Rhododendron stenopetalum,(R.Hogg) Mabb.,Azaleastrum,Tsutsutsi,Tsutsutsi
wfo-0001261393,Rhododendron strigosum,R.L.Liu,Azaleastrum,Tsutsutsi,Tsutsutsi
wfo-0001229873,Rhododendron subcerinum,P.C.Tam,Azaleastrum,Tsutsutsi,Tsutsutsi
wfo-0001229857,Rhododendron subenerve,P.C.Tam,Azaleastrum,Tsutsutsi,Tsutsutsi
wfo-0001229784,Rhododendron subflumineum,P.C.Tam,Azaleastrum,Tsutsutsi,Tsutsutsi
wfo-0000405451,Rhododendron subsessile,Rendle,Azaleastrum,Tsutsutsi,Tsutsutsi
wfo-0001229807,Rhododendron taipaoense,T.C.Wu & P.C.Tam,Azaleastrum,Tsutsutsi,Tsutsutsi
wfo-0001231626,Rhododendron taiwanalpinum,Ohwi,Azaleastrum,Tsutsutsi,Tsutsutsi
wfo-0001229876,Rhododendron tashiroi,Maxim.,Azaleastrum,Tsutsutsi,Tsutsutsi
wfo-0001229875,Rhododendron tenue,Ching ex W.P.Fang & M.Y.He,Azaleastrum,Tsutsutsi,Tsutsutsi
wfo-0001229778,Rhododendron tenuilaminare,P.C.Tam,Azaleastrum,Tsutsutsi,Tsutsutsi
wfo-0001229805,Rhododendron tingwuense,P.C.Tam,Azaleastrum,Tsutsutsi,Tsutsutsi
wfo-0000405629,Rhododendron tosaense,Makino,Azaleastrum,Tsutsutsi,Tsutsutsi
wfo-0000405632,Rhododendron tschonoskii,Maxim.,Azaleastrum,Tsutsutsi,Tsutsutsi
wfo-0000405636,Rhododendron tsusiophyllum,Sugim.,Azaleastrum,Tsutsutsi,Tsutsutsi
wfo-0001228146,Rhododendron unciferum,P.C.Tam,Azaleastrum,Tsutsutsi,Tsutsutsi
wfo-0001229848,Rhododendron viscidum,C.Z.Guo & Z.H.Liu,Azaleastrum,Tsutsutsi,Tsutsutsi
wfo-0000750106,Rhododendron xiangganense,X.F.Jin & B.Y.Ding,Azaleastrum,Tsutsutsi,Tsutsutsi
wfo-0000405565,Rhododendron yakuinsulare,Masam.,Azaleastrum,Tsutsutsi,Tsutsutsi
wfo-0001229861,Rhododendron yangmingshanense,P.C.Tam,Azaleastrum,Tsutsutsi,Tsutsutsi
wfo-0001229867,Rhododendron yaoshanicum,W.P.Fang & M.Y.He,Azaleastrum,Tsutsutsi,Tsutsutsi
wfo-0000405538,Rhododendron yedoense,Regel ex Maxim.,Azaleastrum,Tsutsutsi,Tsutsutsi
wfo-0000744596,Rhododendron yunyianum,X.F.Jin & B.Y.Ding,Azaleastrum,Tsutsutsi,Tsutsutsi
wfo-0001229733,Rhododendron cavaleriei,H.Lév.,Choniastrum,,
wfo-0001229766,Rhododendron championiae,Hook.,Choniastrum,,
wfo-0001268807,Rhododendron dayaoshanense,L.M.Gao & D.Z.Li,Choniastrum,,
wfo-0001048921,Rhododendron feddei,H.Lév.,Choniastrum,,
wfo-0001219314,Rhododendron hancockii,Hemsl.,Choniastrum,,
wfo-0001048941,Rhododendron henryi,Hance,Choniastrum,,
wfo-0001229746,Rhododendron huguangense,P.C.Tam,Choniastrum,,
wfo-0001229749,Rhododendron latoucheae,Franch.,Choniastrum,,
wfo-0001268808,Rhododendron longilobum,L.M.Gao & D.Z.Li,Choniastrum,,
wfo-0001048792,Rhododendron mackenzianum,Forrest,Choniastrum,,
wfo-0001229724,Rhododendron mitriforme,P.C.Tam,Choniastrum,,
wfo-0001229736,Rhododendron moulmainense,Hook.,Choniastrum,,
wfo-0001229732,Rhododendron stamineum,Franch.,Choniastrum,,
wfo-0001229774,Rhododendron subestipitatum,Chun ex P.C.Tam,Choniastrum,,
wfo-0000405528,Rhododendron taiense,Hutch.,Choniastrum,,
wfo-0001229731,Rhododendron taishunense,B.Y.Ding & Y.Y.Fang,Choniastrum,,
wfo-0001275365,Rhododendron truncatovarium,L.M.Gao & D.Z.Li,Choniastrum,,
wfo-0001219292,Rhododendron tutcherae,Hemsl. & E.H.Wilson,Choniastrum,,
wfo-0001228368,Rhododendron vaniotii,H.Lév.,Choniastrum,,
wfo-0001048935,Rhododendron westlandii,Hemsl.,Choniastrum,,
wfo-0001229443,Rhododendron × agastum,Balf.f. & W.W.Sm.,Hymenanthes,,
wfo-0000403054,Rhododendron chrysolepis,Hutch. & Kingdon-Ward,Hymenanthes,,
wfo-0001048699,Rhododendron dimitrum,Balf.f. & Forrest,Hymenanthes,,
wfo-0001048856,Rhododendron × inopinum,Balf.f.,Hymenanthes,,
wfo-0001048857,Rhododendron × paradoxum,Balf.f.,Hymenanthes,,
wfo-0001047059,Rhododendron alabamense,Rehder,Hymenanthes,Pentanthera,Pentanthera
wfo-0001047061,Rhododendron arborescens,(Pursh) Torr.,Hymenanthes,Pentanthera,Pentanthera
wfo-0001047062,Rhododendron atlanticum,(Ashe) Rehder,Hymenanthes,Pentanthera,Pentanthera
wfo-0001047063,Rhododendron austrinum,(Small) Rehder,Hymenanthes,Pentanthera,Pentanthera
wfo-0001047064,Rhododendron × bakeri,(W.P.Lemmon & McKay) H.H.Hume,Hymenanthes,Pentanthera,Pentanthera
wfo-0001047065,Rhododendron calendulaceum,(Michx.) Torr.,Hymenanthes,Pentanthera,Pentanthera
wfo-0001047067,Rhododendron canescens,(Michx.) Sweet,Hymenanthes,Pentanthera,Pentanthera
wfo-0000744590,Rhododendron colemanii,R.F.Mill.,Hymenanthes,Pentanthera,Pentanthera
wfo-0001047634,Rhododendron cumberlandense,E.L.Braun,Hymenanthes,Pentanthera,Pentanthera
wfo-0000400745,Rhododendron eastmanii,Kron & Creel,Hymenanthes,Pentanthera,Pentanthera
wfo-0001047072,Rhododendron flammeum,(Michx.) Sarg.,Hymenanthes,Pentanthera,Pentanthera
wfo-0000399990,Rhododendron luteum,Sweet,Hymenanthes,Pentanthera,Pentanthera
wfo-0001047077,Rhododendron occidentale,(Torr. & A.Gray) A.Gray,Hymenanthes,Pentanthera,Pentanthera
wfo-0001047079,Rhododendron periclymenoides,(Michx.) Shinners,Hymenanthes,Pentanthera,Pentanthera
wfo-0001047080,Rhododendron prinophyllum,(Small) Millais,Hymenanthes,Pentanthera,Pentanthera
wfo-0001047081,Rhododendron prunifolium,(Small) Millais,Hymenanthes,Pentanthera,Pentanthera
wfo-0001047632,Rhododendron viscosum,(L.) Torr.,Hymenanthes,Pentanthera,Pentanthera
wfo-0000400297,Rhododendron molle,(Blume) G.Don,Hymenanthes,Pentanthera,Sinensia
wfo-0001048879,Rhododendron × peregrinum,Tagg,Hymenanthes,,
wfo-0000400167,Rhododendron × planetum,Balf.f.,Hymenanthes,,
wfo-1000036138,Rhododendron × abhayae,L.K.Rai,Hymenanthes,Pontica,
wfo-1000002483,Rhododendron × apradae,U.Rai & Lama,Hymenanthes,Pontica,
wfo-0001229495,Rhododendron arboreum,Sm.,Hymenanthes,Pontica,Arborea
wfo-0001229506,Rhododendron delavayi,Franch.,Hymenanthes,Pontica,Arborea
wfo-0001240235,Rhododendron gannanense,Z.C.Feng & X.G.Sun,Hymenanthes,Pontica,Arborea
wfo-0001229511,Rhododendron lanigerum,Tagg,Hymenanthes,Pontica,Arborea
wfo-0001229505,Rhododendron niveum,Hook.f.,Hymenanthes,Pontica,Arborea
wfo-0001048903,Rhododendron adenopodum,Franch.,Hymenanthes,Pontica,Argyrophylla
wfo-0001048937,Rhododendron argyrophyllum,Franch.,Hymenanthes,Pontica,Argyrophylla
wfo-0001229475,Rhododendron brevipetiolatum,M.Y.Fang,Hymenanthes,Pontica,Argyrophylla
wfo-0001048853,Rhododendron coryanum,Tagg & Forrest,Hymenanthes,Pontica,Argyrophylla
wfo-0001229472,Rhododendron denudatum,H.Lév.,Hymenanthes,Pontica,Argyrophylla
wfo-0001229468,Rhododendron ebianense,M.Y.Fang,Hymenanthes,Pontica,Argyrophylla
wfo-0000747072,Rhododendron eriobotryoides,Xiang Chen & Jia Y.Huang,Hymenanthes,Pontica,Argyrophylla
wfo-0001228143,Rhododendron fangchengense,P.C.Tam,Hymenanthes,Pontica,Argyrophylla
wfo-0001229474,Rhododendron farinosum,H.Lév.,Hymenanthes,Pontica,Argyrophylla
wfo-0001229471,Rhododendron floribundum,Franch.,Hymenanthes,Pontica,Argyrophylla
wfo-0001048924,Rhododendron formosanum,Hemsl.,Hymenanthes,Pontica,Argyrophylla
wfo-0001228539,Rhododendron haofui,Chun & W.P.Fang,Hymenanthes,Pontica,Argyrophylla
wfo-0001229492,Rhododendron hunnewellianum,Rehder & E.H.Wilson,Hymenanthes,Pontica,Argyrophylla
wfo-0001048933,Rhododendron hypoglaucum,Hemsl.,Hymenanthes,Pontica,Argyrophylla
wfo-0001219289,Rhododendron insigne,Hemsl. & E.H.Wilson,Hymenanthes,Pontica,Argyrophylla
wfo-0001048936,Rhododendron longipes,Rehder & E.H.Wilson,Hymenanthes,Pontica,Argyrophylla
wfo-0001229480,Rhododendron oblancifolium,M.Y.Fang,Hymenanthes,Pontica,Argyrophylla
wfo-0001229484,Rhododendron pingianum,W.P.Fang,Hymenanthes,Pontica,Argyrophylla
wfo-0000747043,Rhododendron pudiense,Xiang Chen & Jia Y.Huang,Hymenanthes,Pontica,Argyrophylla
wfo-0001219286,Rhododendron ririei,Hemsl. & E.H.Wilson,Hymenanthes,Pontica,Argyrophylla
wfo-0001240253,Rhododendron shimenense,Q.X.Liu & C.M.Zhang,Hymenanthes,Pontica,Argyrophylla
wfo-0001048942,Rhododendron simiarum,Hance,Hymenanthes,Pontica,Argyrophylla
wfo-0001047945,Rhododendron thayerianum,Rehder & E.H.Wilson,Hymenanthes,Pontica,Argyrophylla
wfo-0001048756,Rhododendron argipeplum,Balf.f. & R.E.Cooper,Hymenanthes,Pontica,Barbata
wfo-0001229605,Rhododendron barbatum,Wall. ex G.Don,Hymenanthes,Pontica,Barbata
wfo-0001048739,Rhododendron erosum,Cowan,Hymenanthes,Pontica,Barbata
wfo-0001048812,Rhododendron exasperatum,Tagg,Hymenanthes,Pontica,Barbata
wfo-0000405445,Rhododendron succothii,Davidian,Hymenanthes,Pontica,Barbata
wfo-0001229596,Rhododendron aeruginosum,Hook.f.,Hymenanthes,Pontica,Campanulata
wfo-0001229593,Rhododendron campanulatum,D.Don,Hymenanthes,Pontica,Campanulata
wfo-0001229600,Rhododendron wallichii,Hook.f.,Hymenanthes,Pontica,Campanulata
wfo-0001048677,Rhododendron callimorphum,Balf.f. & W.W.Sm.,Hymenanthes,Pontica,Campylocarpa
wfo-0001229373,Rhododendron campylocarpum,Hook.f.,Hymenanthes,Pontica,Campylocarpa
wfo-0001219678,Rhododendron henanense,W.P.Fang,Hymenanthes,Pontica,Campylocarpa
wfo-0001229380,Rhododendron longicalyx,M.Y.Fang,Hymenanthes,Pontica,Campylocarpa
wfo-0001048899,Rhododendron souliei,Franch.,Hymenanthes,Pontica,Campylocarpa
wfo-0001048301,Rhododendron wardii,W.W.Sm.,Hymenanthes,Pontica,Campylocarpa
wfo-0000403050,Rhododendron × chlorops,Cowan,Hymenanthes,Pontica,
wfo-0001048292,Rhododendron arizelum,Balf.f. & Forrest,Hymenanthes,Pontica,Falconera
wfo-0001048757,Rhododendron basilicum,Balf.f. & W.W.Sm.,Hymenanthes,Pontica,Falconera
wfo-0001220770,Rhododendron coriaceum,Franch.,Hymenanthes,Pontica,Falconera
wfo-0000400775,Rhododendron × decipiens,Lacaita,Hymenanthes,Pontica,Falconera
wfo-0000400818,Rhododendron falconeri,Hook.f.,Hymenanthes,Pontica,Falconera
wfo-0001229363,Rhododendron fictolacteum,Balf.f.,Hymenanthes,Pontica,Falconera
wfo-0001048854,Rhododendron galactinum,Balf.f. ex Tagg,Hymenanthes,Pontica,Falconera
wfo-0001229368,Rhododendron hodgsonii,Hook.f.,Hymenanthes,Pontica,Falconera
wfo-0001335226,Rhododendron mechukae,A.A.Mao & A.Paul,Hymenanthes,Pontica,Falconera
wfo-0001048798,Rhododendron preptum,Balf.f. & Forrest,Hymenanthes,Pontica,Falconera
wfo-0001229360,Rhododendron rex,H.Lév.,Hymenanthes,Pontica,Falconera
wfo-0001229359,Rhododendron rothschildii,Davidian,Hymenanthes,Pontica,Falconera
wfo-0001048858,Rhododendron semnoides,Tagg & Forrest,Hymenanthes,Pontica,Falconera
wfo-0001048777,Rhododendron sinofalconeri,Balf.f.,Hymenanthes,Pontica,Falconera
wfo-0001335983,Rhododendron titapuriense,"A.A.Mao, K.N.E.Cox & D.F.Chamb.",Hymenanthes,Pontica,Falconera
wfo-0001229316,Rhododendron asterochnoum,Diels,Hymenanthes,Pontica,Fortunea
wfo-0001048930,Rhododendron auriculatum,Hemsl.,Hymenanthes,Pontica,Fortunea
wfo-0001341491,Rhododendron bailiense,"Y.P.Ma, Zhang & D.F.Chamb.",Hymenanthes,Pontica,Fortunea
wfo-0001229310,Rhododendron calophytum,Franch.,Hymenanthes,Pontica,Fortunea
wfo-0001228538,Rhododendron chihsinianum,Chun & W.P.Fang,Hymenanthes,Pontica,Fortunea
wfo-0001229350,Rhododendron davidii,Franch.,Hymenanthes,Pontica,Fortunea
wfo-0001229320,Rhododendron decorum,Franch.,Hymenanthes,Pontica,Fortunea
wfo-0001048904,Rhododendron discolor,Franch.,Hymenanthes,Pontica,Fortunea
wfo-0001048961,Rhododendron faithiae,Chun,Hymenanthes,Pontica,Fortunea
wfo-0001229339,Rhododendron fortunei,Lindl.,Hymenanthes,Pontica,Fortunea
wfo-0000400645,Rhododendron × geraldii,(Hutch.) Ivens,Hymenanthes,Pontica,Fortunea
wfo-0001229309,Rhododendron glanduliferum,Franch.,Hymenanthes,Pontica,Fortunea
wfo-0001229303,Rhododendron griffithianum,Wight,Hymenanthes,Pontica,Fortunea
wfo-0001234425,Rhododendron guihainianum,G.Z.Li,Hymenanthes,Pontica,Fortunea
wfo-0001219282,Rhododendron hemsleyanum,E.H.Wilson,Hymenanthes,Pontica,Fortunea
wfo-0000750131,Rhododendron huangpingense,Xiang Chen & Jia Y.Huang,Hymenanthes,Pontica,Fortunea
wfo-0001229351,Rhododendron huanum,W.P.Fang,Hymenanthes,Pontica,Fortunea
wfo-0001238653,Rhododendron jinchangense,Z.H.Yang,Hymenanthes,Pontica,Fortunea
wfo-0001229318,Rhododendron jingangshanicum,P.C.Tam,Hymenanthes,Pontica,Fortunea
wfo-0000747042,Rhododendron jiulongshanense,Xiang Chen & Jia Y.Huang,Hymenanthes,Pontica,Fortunea
wfo-1000001251,Rhododendron leigongshanense,"C.H.Yang, Z.G.Xie, Y.F.Yu & Z.R.Yang",Hymenanthes,Pontica,Fortunea
wfo-0001272384,Rhododendron liboense,Zheng R.Chen & K.M.Lan,Hymenanthes,Pontica,Fortunea
wfo-1000002497,Rhododendron maculatum,Xiang Chen & Jia Y.Huang,Hymenanthes,Pontica,Fortunea
wfo-0001229307,Rhododendron magniflorum,W.K.Hu,Hymenanthes,Pontica,Fortunea
wfo-0001229345,Rhododendron maoerense,W.P.Fang & G.Z.Li,Hymenanthes,Pontica,Fortunea
wfo-0001229325,Rhododendron miyiense,W.K.Hu,Hymenanthes,Pontica,Fortunea
wfo-0001229336,Rhododendron nymphaeoides,W.K.Hu,Hymenanthes,Pontica,Fortunea
wfo-0001229340,Rhododendron orbiculare,Decne.,Hymenanthes,Pontica,Fortunea
wfo-0001229327,Rhododendron oreodoxa,Franch.,Hymenanthes,Pontica,Fortunea
wfo-0001048880,Rhododendron platypodum,Diels,Hymenanthes,Pontica,Fortunea
wfo-0001229333,Rhododendron praeteritum,Hutch.,Hymenanthes,Pontica,Fortunea
wfo-0001229326,Rhododendron praevernum,Hutch.,Hymenanthes,Pontica,Fortunea
wfo-0000744593,Rhododendron qiaojiaense,L.M.Gao & D.Z.Li,Hymenanthes,Pontica,Fortunea
wfo-0001275615,Rhododendron serotinum,Hutch.,Hymenanthes,Pontica,Fortunea
wfo-0001048907,Rhododendron sutchuenense,Franch.,Hymenanthes,Pontica,Fortunea
wfo-0001220768,Rhododendron vernicosum,Franch.,Hymenanthes,Pontica,Fortunea
wfo-0001229346,Rhododendron verruciferum,W.K.Hu,Hymenanthes,Pontica,Fortunea
wfo-0001229319,Rhododendron wolongense,W.K.Hu,Hymenanthes,Pontica,Fortunea
wfo-0001229308,Rhododendron xiaoxidongense,W.K.Hu,Hymenanthes,Pontica,Fortunea
wfo-1000077964,Rhododendron yuanbaoshanense,Y.H.Deng & T.Ding,Hymenanthes,Pontica,Fortunea
wfo-0001229698,Rhododendron fulgens,Hook.f.,Hymenanthes,Pontica,Fulgensia
wfo-0001048743,Rhododendron miniatum,Cowan,Hymenanthes,Pontica,Fulgensia
wfo-0001334385,Rhododendron rawatii,I.D.Rai & B.S.Adhikari,Hymenanthes,Pontica,Fulgensia
wfo-0001048683,Rhododendron fulvum,Balf.f. & W.W.Sm.,Hymenanthes,Pontica,Fulva
wfo-0001048892,Rhododendron uvariifolium,Diels,Hymenanthes,Pontica,Fulva
wfo-0001229415,Rhododendron adenosum,(Cowan & Davidian) Davidian,Hymenanthes,Pontica,Glischrum
wfo-0001048809,Rhododendron crinigerum,Franch.,Hymenanthes,Pontica,Glischrum
wfo-0001275638,Rhododendron diphrocalyx,Balf.f.,Hymenanthes,Pontica,Glischrum
wfo-0000400665,Rhododendron glischroides,Tagg & Forrest,Hymenanthes,Pontica,Glischrum
wfo-0001048763,Rhododendron glischrum,Balf.f. & W.W.Sm.,Hymenanthes,Pontica,Glischrum
wfo-0001048765,Rhododendron habrotrichum,Balf.f. & W.W.Sm.,Hymenanthes,Pontica,Glischrum
wfo-0000405486,Rhododendron recurvoides,Tagg & Forrest,Hymenanthes,Pontica,Glischrum
wfo-0000405469,Rhododendron spilotum,Balf.f. & Farrer,Hymenanthes,Pontica,Glischrum
wfo-0001229416,Rhododendron vesiculiferum,Tagg,Hymenanthes,Pontica,Glischrum
wfo-0001219692,Rhododendron balangense,W.P.Fang,Hymenanthes,Pontica,Grandia
wfo-0001229352,Rhododendron grande,Wight,Hymenanthes,Pontica,Grandia
wfo-0000400063,Rhododendron kesangiae,D.G.Long & Rushforth,Hymenanthes,Pontica,Grandia
wfo-0000399988,Rhododendron macabeanum,G.Watt ex Balf.f.,Hymenanthes,Pontica,Grandia
wfo-0001229358,Rhododendron magnificum,Kingdon-Ward,Hymenanthes,Pontica,Grandia
wfo-0001229354,Rhododendron montroseanum,Davidian,Hymenanthes,Pontica,Grandia
wfo-0001229355,Rhododendron oreogenum,L.C.Hu,Hymenanthes,Pontica,Grandia
wfo-0001048773,Rhododendron praestans,Balf.f. & W.W.Sm.,Hymenanthes,Pontica,Grandia
wfo-0001048799,Rhododendron protistum,Balf.f. & Forrest,Hymenanthes,Pontica,Grandia
wfo-0001048747,Rhododendron pudorosum,Cowan,Hymenanthes,Pontica,Grandia
wfo-0001048803,Rhododendron sidereum,Balf.f.,Hymenanthes,Pontica,Grandia
wfo-0001048778,Rhododendron sinogrande,Balf.f. & W.W.Sm.,Hymenanthes,Pontica,Grandia
wfo-1000002522,Rhododendron suoilenhense,"D.F.Chamb., N.T.T.Huong & Rushforth",Hymenanthes,Pontica,Grandia
wfo-0001219287,Rhododendron watsonii,Hemsl. & E.H.Wilson,Hymenanthes,Pontica,Grandia
wfo-0000405677,Rhododendron wattii,Cowan,Hymenanthes,Pontica,Grandia
wfo-0001048704,Rhododendron griersonianum,Balf.f. & Forrest,Hymenanthes,Pontica,Griersoniana
wfo-0001047937,Rhododendron aberconwayi,Cowan,Hymenanthes,Pontica,Irrorata
wfo-0001220769,Rhododendron annae,Franch.,Hymenanthes,Pontica,Irrorata
wfo-0001048894,Rhododendron anthosphaerum,Diels,Hymenanthes,Pontica,Irrorata
wfo-0001229451,Rhododendron araiophyllum,Balf.f. & Forrest,Hymenanthes,Pontica,Irrorata
wfo-0001228537,Rhododendron brevinerve,Chun & W.P.Fang,Hymenanthes,Pontica,Irrorata
wfo-0001335320,Rhododendron cochlearifolium,Xiang Chen & Jia Y.Huang,Hymenanthes,Pontica,Irrorata
wfo-0000400826,Rhododendron excelsum,A.Chev.,Hymenanthes,Pontica,Irrorata
wfo-0001229447,Rhododendron gongshanense,T.L.Ming,Hymenanthes,Pontica,Irrorata
wfo-0001229457,Rhododendron guizhouense,M.Y.Fang,Hymenanthes,Pontica,Irrorata
wfo-0001229437,Rhododendron irroratum,Franch.,Hymenanthes,Pontica,Irrorata
wfo-0000747073,Rhododendron jinboense,Xiang Chen & X.Chen,Hymenanthes,Pontica,Irrorata
wfo-0001229448,Rhododendron kendrickii,Nutt.,Hymenanthes,Pontica,Irrorata
wfo-0000400060,Rhododendron korthalsii,Miq.,Hymenanthes,Pontica,Irrorata
wfo-0000400099,Rhododendron langbianense,A.Chev. ex Dop,Hymenanthes,Pontica,Irrorata
wfo-0001229460,Rhododendron laojunshanense,M.Y.Fang,Hymenanthes,Pontica,Irrorata
wfo-0001048706,Rhododendron leptopeplum,Balf.f. & Forrest,Hymenanthes,Pontica,Irrorata
wfo-0001220767,Rhododendron lukiangense,Franch.,Hymenanthes,Pontica,Irrorata
wfo-0001047942,Rhododendron mengtszense,Balf.f. & W.W.Sm.,Hymenanthes,Pontica,Irrorata
wfo-0001229435,Rhododendron papillatum,Balf.f. & R.E.Cooper,Hymenanthes,Pontica,Irrorata
wfo-0001229458,Rhododendron pingbianense,M.Y.Fang,Hymenanthes,Pontica,Irrorata
wfo-0001048734,Rhododendron ramsdenianum,Cowan,Hymenanthes,Pontica,Irrorata
wfo-0001047944,Rhododendron spanotrichum,Balf.f. & W.W.Sm.,Hymenanthes,Pontica,Irrorata
wfo-0001229427,Rhododendron tanastylum,Balf.f. & Kingdon-Ward,Hymenanthes,Pontica,Irrorata
wfo-0000405698,Rhododendron wrayi,King & Gamble,Hymenanthes,Pontica,Irrorata
wfo-0001048732,Rhododendron circinnatum,Cowan & Kingdon-Ward,Hymenanthes,Pontica,Lanata
wfo-0001229592,Rhododendron lanatoides,D.F.Chamb.,Hymenanthes,Pontica,Lanata
wfo-0001048741,Rhododendron lanatum,Hook.f.,Hymenanthes,Pontica,Lanata
wfo-0001229590,Rhododendron luciferum,(Cowan) Cowan,Hymenanthes,Pontica,Lanata
wfo-0000400164,Rhododendron poluninii,Davidian,Hymenanthes,Pontica,Lanata
wfo-0001048745,Rhododendron tsariense,Cowan,Hymenanthes,Pontica,Lanata
wfo-0000400593,Rhododendron anwheiense,E.H.Wilson,Hymenanthes,Pontica,Maculifera
wfo-0001229381,Rhododendron longesquamatum,C.K.Schneid.,Hymenanthes,Pontica,Maculifera
wfo-0001048909,Rhododendron maculiferum,Franch.,Hymenanthes,Pontica,Maculifera
wfo-0001048944,Rhododendron morii,Hayata,Hymenanthes,Pontica,Maculifera
wfo-0001229386,Rhododendron ochraceum,Rehder & E.H.Wilson,Hymenanthes,Pontica,Maculifera
wfo-0001219681,Rhododendron pachyphyllum,W.P.Fang,Hymenanthes,Pontica,Maculifera
wfo-0001220145,Rhododendron pachysanthum,Hayata,Hymenanthes,Pontica,Maculifera
wfo-0001229388,Rhododendron pachytrichum,Franch.,Hymenanthes,Pontica,Maculifera
wfo-0001229392,Rhododendron pilostylum,W.K.Hu,Hymenanthes,Pontica,Maculifera
wfo-0001219680,Rhododendron polytrichum,W.P.Fang,Hymenanthes,Pontica,Maculifera
wfo-0001220808,Rhododendron pseudochrysanthum,Hayata,Hymenanthes,Pontica,Maculifera
wfo-0001229461,Rhododendron sikangense,W.P.Fang,Hymenanthes,Pontica,Maculifera
wfo-0001229382,Rhododendron strigillosum,Franch.,Hymenanthes,Pontica,Maculifera
wfo-0000747050,Rhododendron subroseum,Xiang Chen & Jia Y.Huang,Hymenanthes,Pontica,Maculifera
wfo-0001228142,Rhododendron ziyuanense,P.C.Tam,Hymenanthes,Pontica,Maculifera
wfo-0001048728,Rhododendron albertsenianum,Forrest,Hymenanthes,Pontica,Neriiflora
wfo-0001229674,Rhododendron aperantum,Balf.f. & Kingdon-Ward,Hymenanthes,Pontica,Neriiflora
wfo-0001047938,Rhododendron beanianum,Cowan,Hymenanthes,Pontica,Neriiflora
wfo-0001229642,Rhododendron bijiangense,T.L.Ming,Hymenanthes,Pontica,Neriiflora
wfo-0001048862,Rhododendron catacosmum,Balf.f. ex Tagg,Hymenanthes,Pontica,Neriiflora
wfo-0001229675,Rhododendron chamaethomsonii,(Tagg) Cowan & Davidian,Hymenanthes,Pontica,Neriiflora
wfo-0001048863,Rhododendron chionanthum,Tagg & Forrest,Hymenanthes,Pontica,Neriiflora
wfo-0001048694,Rhododendron citriniflorum,Balf.f. & Forrest,Hymenanthes,Pontica,Neriiflora
wfo-0001229613,Rhododendron coelicum,Balf.f. & Farrer,Hymenanthes,Pontica,Neriiflora
wfo-0001048844,Rhododendron dichroanthum,Diels,Hymenanthes,Pontica,Neriiflora
wfo-0001048701,Rhododendron erastum,Balf.f. & Forrest,Hymenanthes,Pontica,Neriiflora
wfo-0001048762,Rhododendron euchroum,Balf.f. & Kingdon-Ward,Hymenanthes,Pontica,Neriiflora
wfo-0001048702,Rhododendron eudoxum,Balf.f. & Forrest,Hymenanthes,Pontica,Neriiflora
wfo-0001048867,Rhododendron floccigerum,Franch.,Hymenanthes,Pontica,Neriiflora
wfo-0001048890,Rhododendron forrestii,Balf.f. ex Diels,Hymenanthes,Pontica,Neriiflora
wfo-0001229614,Rhododendron haematodes,Franch.,Hymenanthes,Pontica,Neriiflora
wfo-0001231347,Rhododendron × hillieri,Davidian,Hymenanthes,Pontica,Neriiflora
wfo-0001229608,Rhododendron mallotum,Balf.f. & Kingdon-Ward,Hymenanthes,Pontica,Neriiflora
wfo-0001048713,Rhododendron microgynum,Balf.f. & Forrest,Hymenanthes,Pontica,Neriiflora
wfo-0001229622,Rhododendron neriiflorum,Franch.,Hymenanthes,Pontica,Neriiflora
wfo-0001048733,Rhododendron parmulatum,Cowan,Hymenanthes,Pontica,Neriiflora
wfo-0001229610,Rhododendron piercei,Davidian,Hymenanthes,Pontica,Neriiflora
wfo-0001048873,Rhododendron pocophorum,Balf.f. ex Tagg,Hymenanthes,Pontica,Neriiflora
wfo-0001048813,Rhododendron sanguineum,Franch.,Hymenanthes,Pontica,Neriiflora
wfo-0001048875,Rhododendron sperabile,Balf.f. & Farrer,Hymenanthes,Pontica,Neriiflora
wfo-0001048876,Rhododendron sperabiloides,Tagg & Forrest,Hymenanthes,Pontica,Neriiflora
wfo-0001048726,Rhododendron temenium,Balf.f. & Forrest,Hymenanthes,Pontica,Neriiflora
wfo-0001229680,Rhododendron trilectorum,Cowan,Hymenanthes,Pontica,Neriiflora
wfo-0001273681,Rhododendron × xanthanthum,(Balf.f. & Forrest) D.F.Chamb.,Hymenanthes,Pontica,Neriiflora
wfo-0001273239,Rhododendron elliottii,Brandis ex Lace & W.W.Sm.,Hymenanthes,Pontica,Parishia
wfo-0001229602,Rhododendron facetum,Balf.f. & Kingdon-Ward,Hymenanthes,Pontica,Parishia
wfo-0001229603,Rhododendron flavoflorum,T.L.Ming,Hymenanthes,Pontica,Parishia
wfo-0001229604,Rhododendron huidongense,T.L.Ming,Hymenanthes,Pontica,Parishia
wfo-0001229601,Rhododendron kyawii,Lace & W.W.Sm.,Hymenanthes,Pontica,Parishia
wfo-0000400200,Rhododendron parishii,C.B.Clarke,Hymenanthes,Pontica,Parishia
wfo-0001048625,Rhododendron schistocalyx,Balf.f. & Forrest,Hymenanthes,Pontica,Parishia
wfo-0001219691,Rhododendron urophyllum,W.P.Fang,Hymenanthes,Pontica,Parishia
wfo-0001046884,Rhododendron aureum,Georgi,Hymenanthes,Pontica,Pontica
wfo-0001047851,Rhododendron brachycarpum,D.Don ex G.Don,Hymenanthes,Pontica,Pontica
wfo-0001047069,Rhododendron catawbiense,Michx.,Hymenanthes,Pontica,Pontica
wfo-0000403280,Rhododendron caucasicum,Pall.,Hymenanthes,Pontica,Pontica
wfo-0000403034,Rhododendron × charadzeae,A.P.Khokhr. & Mazurenko,Hymenanthes,Pontica,Pontica
wfo-0000400778,Rhododendron degronianum,Carrière,Hymenanthes,Pontica,Pontica
wfo-0000400784,Rhododendron × filidactylis,R.I.Milne,Hymenanthes,Pontica,Pontica
wfo-0001220138,Rhododendron hyperythrum,Hayata,Hymenanthes,Pontica,Pontica
wfo-0000400700,Rhododendron japonoheptamerum,Kitam.,Hymenanthes,Pontica,Pontica
wfo-0000400081,Rhododendron × kurohimense,Arakawa,Hymenanthes,Pontica,Pontica
wfo-0001047073,Rhododendron macrophyllum,D.Don ex G.Don,Hymenanthes,Pontica,Pontica
wfo-0000400004,Rhododendron makinoi,Tagg ex Nakai,Hymenanthes,Pontica,Pontica
wfo-0001047074,Rhododendron maximum,L.,Hymenanthes,Pontica,Pontica
wfo-0000400350,Rhododendron × niko-montanum,Nakai,Hymenanthes,Pontica,Pontica
wfo-0000400178,Rhododendron ponticum,L.,Hymenanthes,Pontica,Pontica
wfo-0000405473,Rhododendron smirnowii,Trautv. ex Regel,Hymenanthes,Pontica,Pontica
wfo-0000405716,Rhododendron ungernii,Trautv. ex Regel,Hymenanthes,Pontica,Pontica
wfo-0001048807,Rhododendron bainbridgeanum,Tagg & Forrest,Hymenanthes,Pontica,Selensia
wfo-0001048731,Rhododendron calvescens,Balf.f. & Forrest,Hymenanthes,Pontica,Selensia
wfo-0001229394,Rhododendron dasycladoides,Hand.-Mazz.,Hymenanthes,Pontica,Selensia
wfo-0001230972,Rhododendron × erythrocalyx,Balf.f. & Forrest,Hymenanthes,Pontica,Selensia
wfo-0001048600,Rhododendron esetulosum,Balf.f. & Forrest,Hymenanthes,Pontica,Selensia
wfo-0001048878,Rhododendron hirtipes,Tagg ex Kingdon-Ward,Hymenanthes,Pontica,Selensia
wfo-0001048712,Rhododendron martinianum,Balf.f. & Forrest,Hymenanthes,Pontica,Selensia
wfo-0001220765,Rhododendron selense,Franch.,Hymenanthes,Pontica,Selensia
wfo-0001048724,Rhododendron setiferum,Balf.f. & Forrest,Hymenanthes,Pontica,Selensia
wfo-0001048897,Rhododendron adenogynum,Diels,Hymenanthes,Pontica,Taliensia
wfo-0001048672,Rhododendron aganniphum,Balf.f. & Kingdon-Ward,Hymenanthes,Pontica,Taliensia
wfo-0001048673,Rhododendron alutaceum,Balf.f. & W.W.Sm.,Hymenanthes,Pontica,Taliensia
wfo-0001333134,Rhododendron aureodorsale,(W.P.Fang ex J.Q.Fu) Y.P.Ma & J.Nielsen,Hymenanthes,Pontica,Taliensia
wfo-0001048861,Rhododendron balfourianum,Diels,Hymenanthes,Pontica,Taliensia
wfo-0001229550,Rhododendron barkamense,D.F.Chamb.,Hymenanthes,Pontica,Taliensia
wfo-0001275677,Rhododendron × bathyphyllum,Balf.f. & Forrest,Hymenanthes,Pontica,Taliensia
wfo-0001048893,Rhododendron beesianum,Diels,Hymenanthes,Pontica,Taliensia
wfo-0000400399,Rhododendron bhutanense,D.G.Long & S.Bowes-Lyon,Hymenanthes,Pontica,Taliensia
wfo-0001229519,Rhododendron bureavii,Franch.,Hymenanthes,Pontica,Taliensia
wfo-0001048304,Rhododendron clementinae,Forrest ex W.W.Sm.,Hymenanthes,Pontica,Taliensia
wfo-0001048644,Rhododendron codonanthum,Balf.f. & Forrest,Hymenanthes,Pontica,Taliensia
wfo-0001220550,Rhododendron coeloneurum,Diels,Hymenanthes,Pontica,Taliensia
wfo-0001048697,Rhododendron comisteum,Balf.f. & Forrest,Hymenanthes,Pontica,Taliensia
wfo-0001262590,Rhododendron dachengense,G.Z.Li,Hymenanthes,Pontica,Taliensia
wfo-0001229559,Rhododendron danbaense,L.C.Hu,Hymenanthes,Pontica,Taliensia
wfo-0001239870,Rhododendron dayiense,M.Y.He,Hymenanthes,Pontica,Taliensia
wfo-0001220771,Rhododendron detersile,Franch.,Hymenanthes,Pontica,Taliensia
wfo-0001048698,Rhododendron × detonsum,Balf.f. & Farrer,Hymenanthes,Pontica,Taliensia
wfo-0001048748,Rhododendron dignabile,Cowan,Hymenanthes,Pontica,Taliensia
wfo-0001048810,Rhododendron dumicola,Tagg & Forrest,Hymenanthes,Pontica,Taliensia
wfo-0001048866,Rhododendron elegantulum,Tagg & Forrest,Hymenanthes,Pontica,Taliensia
wfo-0001048931,Rhododendron faberi,Hemsl.,Hymenanthes,Pontica,Taliensia
wfo-0001240164,Rhododendron heizhugouense,M.Y.He & L.C.Hu,Hymenanthes,Pontica,Taliensia
wfo-0001048895,Rhododendron lacteum,Franch.,Hymenanthes,Pontica,Taliensia
wfo-0001229549,Rhododendron lulangense,L.C.Hu & Tateishi,Hymenanthes,Pontica,Taliensia
wfo-0001048871,Rhododendron mimetes,Tagg & Forrest,Hymenanthes,Pontica,Taliensia
wfo-0001229513,Rhododendron montiganum,T.L.Ming,Hymenanthes,Pontica,Taliensia
wfo-0001048796,Rhododendron nakotiltum,Balf.f. & Forrest,Hymenanthes,Pontica,Taliensia
wfo-0000400348,Rhododendron nhatrangense,Dop,Hymenanthes,Pontica,Taliensia
wfo-0001229561,Rhododendron nigroglandulosum,Nitz.,Hymenanthes,Pontica,Taliensia
wfo-0001048687,Rhododendron phaeochrysum,Balf.f. & Forrest,Hymenanthes,Pontica,Taliensia
wfo-0001229516,Rhododendron pomense,Cowan & Davidian,Hymenanthes,Pontica,Taliensia
wfo-0001229525,Rhododendron potaninii,Batalin,Hymenanthes,Pontica,Taliensia
wfo-0001048902,Rhododendron prattii,Franch.,Hymenanthes,Pontica,Taliensia
wfo-0001048915,Rhododendron principis,Bureau & Franch.,Hymenanthes,Pontica,Taliensia
wfo-0001048874,Rhododendron pronum,Tagg & Forrest,Hymenanthes,Pontica,Taliensia
wfo-0001048774,Rhododendron proteoides,Balf.f. & W.W.Sm.,Hymenanthes,Pontica,Taliensia
wfo-0001229538,Rhododendron przewalskii,Maxim.,Hymenanthes,Pontica,Taliensia
wfo-0001229512,Rhododendron pubicostatum,T.L.Ming,Hymenanthes,Pontica,Taliensia
wfo-0001229521,Rhododendron pugeense,L.C.Hu,Hymenanthes,Pontica,Taliensia
wfo-0001229514,Rhododendron punctifolium,L.C.Hu,Hymenanthes,Pontica,Taliensia
wfo-0001048305,Rhododendron roxieanum,W.W.Sm. ex Forrest,Hymenanthes,Pontica,Taliensia
wfo-0001229575,Rhododendron roxieoides,D.F.Chamb.,Hymenanthes,Pontica,Taliensia
wfo-0001229564,Rhododendron rufum,Batalin,Hymenanthes,Pontica,Taliensia
wfo-0001039656,Rhododendron scopulum,(G.Z.Li) G.Z.Li,Hymenanthes,Pontica,Taliensia
wfo-0001229558,Rhododendron shanii,W.P.Fang,Hymenanthes,Pontica,Taliensia
wfo-0001048627,Rhododendron sphaeroblastum,Balf.f. & Forrest,Hymenanthes,Pontica,Taliensia
wfo-0001048898,Rhododendron taliense,Franch.,Hymenanthes,Pontica,Taliensia
wfo-0000507900,Rhododendron tianmenshanense,C.L.Peng & L.H.Yan,Hymenanthes,Pontica,Taliensia
wfo-0001275671,Rhododendron torquescens,D.F.Chamb.,Hymenanthes,Pontica,Taliensia
wfo-0001048300,Rhododendron traillianum,Forrest & W.W.Sm.,Hymenanthes,Pontica,Taliensia
wfo-0001229517,Rhododendron trichogynum,L.C.Hu,Hymenanthes,Pontica,Taliensia
wfo-0001048884,Rhododendron vellereum,Hutch. ex Tagg,Hymenanthes,Pontica,Taliensia
wfo-2700000566,Rhododendron wasonii,Hemsl. & E.H.Wilson,Hymenanthes,Pontica,Taliensia
wfo-0001229552,Rhododendron wightii,Hook.f.,Hymenanthes,Pontica,Taliensia
wfo-0001219279,Rhododendron wiltonii,Hemsl. & E.H.Wilson,Hymenanthes,Pontica,Taliensia
wfo-0001285279,Rhododendron yaoshanense,L.M.Gao & S.D.Zhang,Hymenanthes,Pontica,Taliensia
wfo-0001229518,Rhododendron zhongdianense,L.C.Hu,Hymenanthes,Pontica,Taliensia
wfo-0001048916,Rhododendron bonvalotii,Bureau & Franch.,Hymenanthes,Pontica,Thomsonia
wfo-0000403316,Rhododendron × candelabrum,Hook.f.,Hymenanthes,Pontica,Thomsonia
wfo-0001229699,Rhododendron cerasinum,Tagg ex Kingdon-Ward,Hymenanthes,Pontica,Thomsonia
wfo-0001229711,Rhododendron cyanocarpum,(Franch.) Franch. ex W.W.Sm.,Hymenanthes,Pontica,Thomsonia
wfo-0001048786,Rhododendron eclecteum,Balf.f. & Forrest,Hymenanthes,Pontica,Thomsonia
wfo-0001048811,Rhododendron eurysiphon,Tagg & Forrest,Hymenanthes,Pontica,Thomsonia
wfo-0001229706,Rhododendron faucium,D.F.Chamb.,Hymenanthes,Pontica,Thomsonia
wfo-0001229708,Rhododendron hookeri,Nutt.,Hymenanthes,Pontica,Thomsonia
wfo-0001229704,Rhododendron hylaeum,Balf.f. & Farrer,Hymenanthes,Pontica,Thomsonia
wfo-0001048793,Rhododendron meddianum,Forrest,Hymenanthes,Pontica,Thomsonia
wfo-0001229707,Rhododendron megalanthum,M.Y.Fang,Hymenanthes,Pontica,Thomsonia
wfo-0001048751,Rhododendron populare,Cowan,Hymenanthes,Pontica,Thomsonia
wfo-0001229705,Rhododendron ramipilosum,T.L.Ming,Hymenanthes,Pontica,Thomsonia
wfo-0001048744,Rhododendron sherriffii,Cowan,Hymenanthes,Pontica,Thomsonia
wfo-0001048891,Rhododendron stewartianum,Diels,Hymenanthes,Pontica,Thomsonia
wfo-0000405438,Rhododendron subansiriense,D.F.Chamb. & Pet.A.Cox,Hymenanthes,Pontica,Thomsonia
wfo-0001048752,Rhododendron thomsonii,Hook.f.,Hymenanthes,Pontica,Thomsonia
wfo-0001229703,Rhododendron viscidifolium,Davidian,Hymenanthes,Pontica,Thomsonia
wfo-0001048852,Rhododendron venator,Tagg,Hymenanthes,Pontica,Venatora
wfo-0001219693,Rhododendron leishanicum,W.P.Fang & X.S.Zhang,Hymenanthes,Pontica,Williamsiana
wfo-0001229369,Rhododendron williamsianum,Rehder & E.H.Wilson,Hymenanthes,Pontica,Williamsiana
wfo-0001229526,Rhododendron purdomii,Rehder & E.H.Wilson,Hymenanthes,,
wfo-0001048800,Rhododendron × pyrrhoanthum,Balf.f.,Hymenanthes,,
wfo-0001245657,Rhododendron canadense,(L.) Torr.,Hymenanthes,Rhodora,
wfo-0000400491,Rhododendron adamsii,Rehder,Rhododendron,Pogonanthum,
wfo-0001230899,Rhododendron anthopogon,D.Don,Rhododendron,Pogonanthum,
wfo-0001219688,Rhododendron anthopogonoides,Maxim.,Rhododendron,Pogonanthum,
wfo-0001231623,Rhododendron atropunicum,H.P.Yang,Rhododendron,Pogonanthum,
wfo-0001230904,Rhododendron cephalanthum,Franch.,Rhododendron,Pogonanthum,
wfo-0001281034,Rhododendron collettianum,Aitch. & Hemsl.,Rhododendron,Pogonanthum,
wfo-0000400626,Rhododendron hedyosmum,Balf.f.,Rhododendron,Pogonanthum,
wfo-0001250627,Rhododendron heteroclitum,H.P.Yang,Rhododendron,Pogonanthum,
wfo-0001219687,Rhododendron hoi,W.P.Fang,Rhododendron,Pogonanthum,
wfo-0001230905,Rhododendron kongboense,Kingdon-Ward ex Hutch.,Rhododendron,Pogonanthum,
wfo-0001048738,Rhododendron laudandum,Cowan,Rhododendron,Pogonanthum,
wfo-0001231624,Rhododendron luhuoense,H.P.Yang,Rhododendron,Pogonanthum,
wfo-0001249376,Rhododendron mainlingense,S.H.Huang & R.C.Fang,Rhododendron,Pogonanthum,
wfo-0001249378,Rhododendron nyingchiense,R.C.Fang & S.H.Huang,Rhododendron,Pogonanthum,
wfo-0001048772,Rhododendron platyphyllum,Franch. ex Balf.f. & W.W.Sm.,Rhododendron,Pogonanthum,
wfo-0000400169,Rhododendron pogonophyllum,Cowan & Davidian,Rhododendron,Pogonanthum,
wfo-0001048917,Rhododendron primuliflorum,Bureau & Franch.,Rhododendron,Pogonanthum,
wfo-0001230913,Rhododendron radendum,W.P.Fang,Rhododendron,Pogonanthum,
wfo-0001048912,Rhododendron rufescens,Franch.,Rhododendron,Pogonanthum,
wfo-0001048940,Rhododendron sargentianum,Rehder & E.H.Wilson,Rhododendron,Pogonanthum,
wfo-0001048911,Rhododendron trichostomum,Franch.,Rhododendron,Pogonanthum,
wfo-0001249390,Rhododendron tubulosum,Ching ex W.Y.Wang,Rhododendron,Pogonanthum,
wfo-0001344428,Rhododendron xiaoxueshanense,R.L.Liao & Y.P.Ma,Rhododendron,Pogonanthum,
wfo-0001281035,Rhododendron afghanicum,Aitch. & Hemsl.,Rhododendron,Rhododendron,Afghanica
wfo-0001048729,Rhododendron baileyi,Balf.f.,Rhododendron,Rhododendron,Baileya
wfo-0001230696,Rhododendron boothii,Nutt.,Rhododendron,Rhododendron,Boothia
wfo-0001230698,Rhododendron chrysodoron,Tagg ex Hutch.,Rhododendron,Rhododendron,Boothia
wfo-0001048740,Rhododendron dekatanum,Cowan,Rhododendron,Rhododendron,Boothia
wfo-0001275583,Rhododendron leptocarpum,Nutt.,Rhododendron,Rhododendron,Boothia
wfo-0001230700,Rhododendron leucaspis,Tagg,Rhododendron,Rhododendron,Boothia
wfo-0001048795,Rhododendron megeratum,Balf.f. & Forrest,Rhododendron,Rhododendron,Boothia
wfo-0001231552,Rhododendron nanjianense,K.M.Feng & Z.H.Yang,Rhododendron,Rhododendron,Boothia
wfo-0001230699,Rhododendron sulfureum,Franch.,Rhododendron,Rhododendron,Boothia
wfo-0001230701,Rhododendron camelliiflorum,Hook.f.,Rhododendron,Rhododendron,Camelliiflora
wfo-1000002513,Rhododendron shingbae,C.S.Purohit & Ram.Kumar,Rhododendron,Rhododendron,Camelliiflora
wfo-0001230885,Rhododendron campylogynum,Franch.,Rhododendron,Rhododendron,Campylogyna
wfo-0001047070,Rhododendron chapmanii,(Alph.Wood) A.Gray,Rhododendron,Rhododendron,Caroliniana
wfo-0001047075,Rhododendron minus,Michx.,Rhododendron,Rhododendron,Caroliniana
wfo-1000000095,Rhododendron smokianum,Ralf Bauer & Albach,Rhododendron,Rhododendron,Caroliniana
wfo-0001230677,Rhododendron cinnabarinum,Hook.f.,Rhododendron,Rhododendron,Cinnabarina
wfo-0001048746,Rhododendron igneum,Cowan,Rhododendron,Rhododendron,Cinnabarina
wfo-0001230685,Rhododendron keysii,Nutt.,Rhododendron,Rhododendron,Cinnabarina
wfo-0001250586,Rhododendron lateriflorum,R.C.Fang & A.L.Chang,Rhododendron,Rhododendron,Cinnabarina
wfo-0001249387,Rhododendron tenuifolium,R.C.Fang & S.H.Huang,Rhododendron,Rhododendron,Cinnabarina
wfo-0001048029,Rhododendron edgeworthii,Hook.f.,Rhododendron,Rhododendron,Edgeworthia
wfo-0001048031,Rhododendron pendulum,Hook.f.,Rhododendron,Rhododendron,Edgeworthia
wfo-0001275535,Rhododendron seinghkuense,Kingdon-Ward,Rhododendron,Rhododendron,Edgeworthia
wfo-0001048278,Rhododendron fragariiflorum,Kingdon-Ward,Rhododendron,Rhododendron,Fragariflora
wfo-0001230888,Rhododendron genestierianum,Forrest,Rhododendron,Rhododendron,Genestieriana
wfo-1000055594,Rhododendron mingii,"Y.P.Ma, L.M.Gao & E.D.Liu",Rhododendron,Rhododendron,Genestieriana
wfo-0001048654,Rhododendron brachyanthum,Franch.,Rhododendron,Rhododendron,Glauca
wfo-0001230882,Rhododendron charitopes,Balf.f. & Farrer,Rhododendron,Rhododendron,Glauca
wfo-0000400633,Rhododendron glaucophyllum,Rehder,Rhododendron,Rhododendron,Glauca
wfo-0000399983,Rhododendron luteiflorum,(Davidian) Cullen,Rhododendron,Rhododendron,Glauca
wfo-0001250596,Rhododendron pruniflorum,Hutch. & Kingdon-Ward,Rhododendron,Rhododendron,Glauca
wfo-0001048668,Rhododendron shweliense,Balf.f. & Forrest,Rhododendron,Rhododendron,Glauca
wfo-0001250593,Rhododendron tubiforme,(Cowan & Davidian) Davidian,Rhododendron,Rhododendron,Glauca
wfo-0000400622,Rhododendron heatherae,Rushforth,Rhododendron,Rhododendron,
wfo-1000002486,Rhododendron bainaense,Xiang Chen & C.H.Yang,Rhododendron,Rhododendron,Heliolepida
wfo-0001048178,Rhododendron bracteatum,Rehder & E.H.Wilson,Rhododendron,Rhododendron,Heliolepida
wfo-0001048179,Rhododendron heliolepis,Franch.,Rhododendron,Rhododendron,Heliolepida
wfo-0001250538,Rhododendron hirsutipetiolatum,R.C.Fang & A.L.Chang,Rhododendron,Rhododendron,Heliolepida
wfo-0001048177,Rhododendron invictum,Balf.f. & Farrer,Rhododendron,Rhododendron,Heliolepida
wfo-0001048187,Rhododendron rubiginosum,Franch.,Rhododendron,Rhododendron,Heliolepida
wfo-0001048212,Rhododendron amundsenianum,Hand.-Mazz.,Rhododendron,Rhododendron,Lapponica
wfo-0001048229,Rhododendron bulu,Hutch.,Rhododendron,Rhododendron,Lapponica
wfo-0001048249,Rhododendron capitatum,Maxim.,Rhododendron,Rhododendron,Lapponica
wfo-0001048207,Rhododendron complexum,Balf.f. & W.W.Sm.,Rhododendron,Rhododendron,Lapponica
wfo-0001048192,Rhododendron cuneatum,W.W.Sm.,Rhododendron,Rhododendron,Lapponica
wfo-0001048211,Rhododendron dasypetalum,Balf.f. & Forrest,Rhododendron,Rhododendron,Lapponica
wfo-0001250541,Rhododendron dawuense,H.P.Yang,Rhododendron,Rhododendron,Lapponica
wfo-0001249369,Rhododendron declivatum,Ching & C.H.Yang,Rhododendron,Rhododendron,Lapponica
wfo-0001248028,Rhododendron × edgarianum,Rehder & E.H.Wilson,Rhododendron,Rhododendron,Lapponica
wfo-0001048213,Rhododendron fastigiatum,Franch.,Rhododendron,Rhododendron,Lapponica
wfo-0001048215,Rhododendron flavidum,Franch.,Rhododendron,Rhododendron,Lapponica
wfo-0001250570,Rhododendron gologense,C.J.Xu & Z.J.Zhao,Rhododendron,Rhododendron,Lapponica
wfo-0001048200,Rhododendron hippophaeoides,Balf.f. & W.W.Sm.,Rhododendron,Rhododendron,Lapponica
wfo-0001048219,Rhododendron impeditum,Balf.f. & W.W.Sm.,Rhododendron,Rhododendron,Lapponica
wfo-0001048197,Rhododendron intricatum,Franch.,Rhododendron,Rhododendron,Lapponica
wfo-0001249373,Rhododendron joniense,Ching & C.H.Yang,Rhododendron,Rhododendron,Lapponica
wfo-0001249374,Rhododendron labolengense,Ching & C.H.Yang,Rhododendron,Rhododendron,Lapponica
wfo-0000399947,Rhododendron lapponicum,(L.) Wahlenb.,Rhododendron,Rhododendron,Lapponica
wfo-0001249375,Rhododendron lungchiense,W.P.Fang,Rhododendron,Rhododendron,Lapponica
wfo-0000399986,Rhododendron × lysolepis,Hutch.,Rhododendron,Rhododendron,Lapponica
wfo-0001249377,Rhododendron maowenense,Ching & C.H.Yang,Rhododendron,Rhododendron,Lapponica
wfo-0001048228,Rhododendron minyaense,Philipson & M.N.Philipson,Rhododendron,Rhododendron,Lapponica
wfo-0001048204,Rhododendron nitidulum,Rehder & E.H.Wilson,Rhododendron,Rhododendron,Lapponica
wfo-0001048235,Rhododendron nivale,Hook.f.,Rhododendron,Rhododendron,Lapponica
wfo-0001048224,Rhododendron orthocladum,Balf.f. & Forrest,Rhododendron,Rhododendron,Lapponica
wfo-0001048221,Rhododendron polycladum,Franch.,Rhododendron,Rhododendron,Lapponica
wfo-0001249379,Rhododendron qinghaiense,Ching ex W.Y.Wang,Rhododendron,Rhododendron,Lapponica
wfo-0001048252,Rhododendron rupicola,W.W.Sm.,Rhododendron,Rhododendron,Lapponica
wfo-0001048250,Rhododendron russatum,Balf.f. & Forrest,Rhododendron,Rhododendron,Lapponica
wfo-0001048259,Rhododendron setosum,D.Don,Rhododendron,Rhododendron,Lapponica
wfo-0001249386,Rhododendron taibaiense,Ching & H.P.Yang,Rhododendron,Rhododendron,Lapponica
wfo-0001048210,Rhododendron tapetiforme,Balf.f. & Kingdon-Ward,Rhododendron,Rhododendron,Lapponica
wfo-0001048230,Rhododendron telmateium,Balf.f. & W.W.Sm.,Rhododendron,Rhododendron,Lapponica
wfo-0001048203,Rhododendron thymifolium,Maxim.,Rhododendron,Rhododendron,Lapponica
wfo-0001048196,Rhododendron tsaii,W.P.Fang,Rhododendron,Rhododendron,Lapponica
wfo-0001248027,Rhododendron × verruculosum,Rehder & E.H.Wilson,Rhododendron,Rhododendron,Lapponica
wfo-0001248029,Rhododendron websterianum,Rehder & E.H.Wilson,Rhododendron,Rhododendron,Lapponica
wfo-0001249391,Rhododendron xiguense,Ching & H.P.Yang,Rhododendron,Rhododendron,Lapponica
wfo-0001048208,Rhododendron yungningense,Balf.f. & Hutch.,Rhododendron,Rhododendron,Lapponica
wfo-0001250575,Rhododendron yushuense,Z.J.Zhao,Rhododendron,Rhododendron,Lapponica
wfo-0001249393,Rhododendron zheguense,Ching & H.P.Yang,Rhododendron,Rhododendron,Lapponica
wfo-0001279384,Rhododendron columbianum,(Piper) Harmaja,Rhododendron,Rhododendron,Ledum
wfo-0001276025,Rhododendron diversipilosum,(Nakai) Harmaja,Rhododendron,Rhododendron,Ledum
wfo-0001279386,Rhododendron groenlandicum,(Oeder) Kron & Judd,Rhododendron,Rhododendron,Ledum
wfo-0001279385,Rhododendron hypoleucum,(Kom.) Harmaja,Rhododendron,Rhododendron,Ledum
wfo-0001266594,Rhododendron subulatum,(Nakai) Harmaja,Rhododendron,Rhododendron,Ledum
wfo-0000405626,Rhododendron tolmachevii,Harmaja,Rhododendron,Rhododendron,Ledum
wfo-0001275534,Rhododendron tomentosum,Harmaja,Rhododendron,Rhododendron,Ledum
wfo-0000403122,Rhododendron cowanianum,Davidian,Rhododendron,Rhododendron,Lepidota
wfo-0001230889,Rhododendron lepidotum,Wall. ex G.Don,Rhododendron,Rhododendron,Lepidota
wfo-0000399931,Rhododendron lowndesii,Davidian,Rhododendron,Rhododendron,Lepidota
wfo-0000400278,Rhododendron nayarii,G.D.Pal,Rhododendron,Rhododendron,Lepidota
wfo-0001048055,Rhododendron amandum,Cowan,Rhododendron,Rhododendron,Maddenia
wfo-0000400478,Rhododendron burmanicum,Hutch.,Rhododendron,Rhododendron,Maddenia
wfo-0000403307,Rhododendron carneum,Hutch.,Rhododendron,Rhododendron,Maddenia
wfo-0001219686,Rhododendron changii,(Fang) W.P.Fang,Rhododendron,Rhododendron,Maddenia
wfo-0001048048,Rhododendron chunienii,Chun & W.P.Fang,Rhododendron,Rhododendron,Maddenia
wfo-0001048052,Rhododendron ciliatum,Hook.f.,Rhododendron,Rhododendron,Maddenia
wfo-0001048064,Rhododendron ciliicalyx,Franch.,Rhododendron,Rhododendron,Maddenia
wfo-0001048058,Rhododendron ciliipes,Hutch.,Rhododendron,Rhododendron,Maddenia
wfo-0000403123,Rhododendron coxianum,Davidian,Rhododendron,Rhododendron,Maddenia
wfo-0000400446,Rhododendron crenulatum,Hutch. ex Sleumer,Rhododendron,Rhododendron,Maddenia
wfo-0000400434,Rhododendron cuffeanum,Craib ex Hutch.,Rhododendron,Rhododendron,Maddenia
wfo-0001048039,Rhododendron dalhousieae,Hook.f.,Rhododendron,Rhododendron,Maddenia
wfo-0001048060,Rhododendron dendricola,Hutch.,Rhododendron,Rhododendron,Maddenia
wfo-0000400750,Rhododendron eheinense,M.Y.He & Z.J.Zhao,Rhododendron,Rhododendron,Maddenia
wfo-0001048036,Rhododendron excellens,Hemsl. & E.H.Wilson,Rhododendron,Rhododendron,Maddenia
wfo-0001048054,Rhododendron fletcherianum,Davidian,Rhododendron,Rhododendron,Maddenia
wfo-0000400786,Rhododendron fleuryi,Dop ex A.Chev.,Rhododendron,Rhododendron,Maddenia
wfo-0000400794,Rhododendron formosum,Wall.,Rhododendron,Rhododendron,Maddenia
wfo-0000400707,Rhododendron horlickianum,Davidian,Rhododendron,Rhododendron,Maddenia
wfo-0000400679,Rhododendron inaequale,(C.B.Clarke) Hutch.,Rhododendron,Rhododendron,Maddenia
wfo-0000400696,Rhododendron iteophyllum,Hutch.,Rhododendron,Rhododendron,Maddenia
wfo-0000400046,Rhododendron johnstoneanum,G.Watt ex Hutch.,Rhododendron,Rhododendron,Maddenia
wfo-0001048049,Rhododendron kiangsiense,W.P.Fang,Rhododendron,Rhododendron,Maddenia
wfo-1000002494,Rhododendron kuomeianum,"Yu H.Chang, J.Nielsen & Y.P.Ma",Rhododendron,Rhododendron,Maddenia
wfo-0001275542,Rhododendron leptocladon,Dop,Rhododendron,Rhododendron,Maddenia
wfo-0001048050,Rhododendron levinei,Merr.,Rhododendron,Rhododendron,Maddenia
wfo-0001048047,Rhododendron liliiflorum,H.Lév.,Rhododendron,Rhododendron,Maddenia
wfo-0001048043,Rhododendron lindleyi,T.Moore,Rhododendron,Rhododendron,Maddenia
wfo-0001231536,Rhododendron linearilobum,R.C.Fang & A.L.Chang,Rhododendron,Rhododendron,Maddenia
wfo-0001048032,Rhododendron maddenii,Hook.f.,Rhododendron,Rhododendron,Maddenia
wfo-0001048051,Rhododendron megacalyx,Balf.f. & Kingdon-Ward,Rhododendron,Rhododendron,Maddenia
wfo-0001250519,Rhododendron mianningense,Z.J.Zhao,Rhododendron,Rhododendron,Maddenia
wfo-0001048037,Rhododendron nuttallii,T.J.Booth,Rhododendron,Rhododendron,Maddenia
wfo-0001048069,Rhododendron pachypodum,Balf.f. & W.W.Sm.,Rhododendron,Rhododendron,Maddenia
wfo-0000400201,Rhododendron parryae,Hutch.,Rhododendron,Rhododendron,Maddenia
wfo-0001048063,Rhododendron pseudociliipes,Cullen,Rhododendron,Rhododendron,Maddenia
wfo-0001342926,Rhododendron pseudomaddenii,A.A.Mao & Bhaumik,Rhododendron,Rhododendron,Maddenia
wfo-0001231537,Rhododendron rhombifolium,R.C.Fang,Rhododendron,Rhododendron,Maddenia
wfo-0001048067,Rhododendron roseatum,Hutch.,Rhododendron,Rhododendron,Maddenia
wfo-0001048057,Rhododendron rufosquamosum,Hutch.,Rhododendron,Rhododendron,Maddenia
wfo-0001048056,Rhododendron scopulorum,Hutch.,Rhododendron,Rhododendron,Maddenia
wfo-0001048038,Rhododendron sinonuttallii,Balf.f. & Forrest,Rhododendron,Rhododendron,Maddenia
wfo-1000040856,Rhododendron starlingii,Rushforth & N.T.T.Huong,Rhododendron,Rhododendron,Maddenia
wfo-0001048071,Rhododendron supranubium,Hutch.,Rhododendron,Rhododendron,Maddenia
wfo-0001048045,Rhododendron taggianum,Hutch.,Rhododendron,Rhododendron,Maddenia
wfo-0001048062,Rhododendron taronense,Hutch.,Rhododendron,Rhododendron,Maddenia
wfo-0001048053,Rhododendron valentinianum,Forrest ex Hutch.,Rhododendron,Rhododendron,Maddenia
wfo-0000405704,Rhododendron vanderbiltianum,Merr.,Rhododendron,Rhododendron,Maddenia
wfo-0000405708,Rhododendron veitchianum,Hook.,Rhododendron,Rhododendron,Maddenia
wfo-0001048059,Rhododendron walongense,Kingdon-Ward,Rhododendron,Rhododendron,Maddenia
wfo-0001219685,Rhododendron wumingense,W.P.Fang,Rhododendron,Rhododendron,Maddenia
wfo-0001251697,Rhododendron yaogangxianense,Q.X.Liu,Rhododendron,Rhododendron,Maddenia
wfo-0001251696,Rhododendron yizhangense,Q.X.Liu,Rhododendron,Rhododendron,Maddenia
wfo-0001048073,Rhododendron yungchangense,Cullen,Rhododendron,Rhododendron,Maddenia
wfo-0001231622,Rhododendron brevicaudatum,R.C.Fang & S.S.Chang,Rhododendron,Rhododendron,Micrantha
wfo-0001250588,Rhododendron liaoxigense,S.L.Tung & Z.Lu,Rhododendron,Rhododendron,Micrantha
wfo-0001048103,Rhododendron micranthum,Turcz.,Rhododendron,Rhododendron,Micrantha
wfo-0000403021,Rhododendron concinnoides,Hutch. & Kingdon-Ward,Rhododendron,Rhododendron,Monantha
wfo-0001048078,Rhododendron flavantherum,Hutch. & Kingdon-Ward,Rhododendron,Rhododendron,Monantha
wfo-0001048079,Rhododendron kasoense,Hutch. & Kingdon-Ward,Rhododendron,Rhododendron,Monantha
wfo-0001048077,Rhododendron monanthum,Balf.f. & W.W.Sm.,Rhododendron,Rhododendron,Monantha
wfo-0001048075,Rhododendron dendrocharis,Franch.,Rhododendron,Rhododendron,Moupinensia
wfo-0001048074,Rhododendron moupinense,Franch.,Rhododendron,Rhododendron,Moupinensia
wfo-0001048076,Rhododendron petrocharis,Diels,Rhododendron,Rhododendron,Moupinensia
wfo-0000400806,Rhododendron ferrugineum,L.,Rhododendron,Rhododendron,Rhododendron
wfo-0000400715,Rhododendron hirsutum,L.,Rhododendron,Rhododendron,Rhododendron
wfo-0000400034,Rhododendron kotschyi,Simonk.,Rhododendron,Rhododendron,Rhododendron
wfo-0000400762,Rhododendron dauricum,L.,Rhododendron,Rhododendron,Rhodorastrum
wfo-0001046885,Rhododendron mucronulatum,Turcz.,Rhododendron,Rhododendron,Rhodorastrum
wfo-0001046886,Rhododendron sichotense,Pojark.,Rhododendron,Rhododendron,Rhodorastrum
wfo-0001048261,Rhododendron calostrotum,Balf.f. & Kingdon-Ward,Rhododendron,Rhododendron,Saluenensia
wfo-0001048268,Rhododendron keleticum,Balf.f. & Forrest,Rhododendron,Rhododendron,Saluenensia
wfo-0001275564,Rhododendron riparioides,(Cullen) Cubey,Rhododendron,Rhododendron,Saluenensia
wfo-0001048271,Rhododendron saluenense,Franch.,Rhododendron,Rhododendron,Saluenensia
wfo-0001238654,Rhododendron fuyuanense,Z.H.Yang,Rhododendron,Rhododendron,Scabrifolium
wfo-0001048166,Rhododendron hemitrichotum,Balf.f. & Forrest,Rhododendron,Rhododendron,Scabrifolium
wfo-0001048167,Rhododendron mollicomum,Balf.f. & W.W.Sm.,Rhododendron,Rhododendron,Scabrifolium
wfo-0001048169,Rhododendron pubescens,Balf.f. & Forrest,Rhododendron,Rhododendron,Scabrifolium
wfo-0001048105,Rhododendron racemosum,Franch.,Rhododendron,Rhododendron,Scabrifolium
wfo-0001048170,Rhododendron scabrifolium,Franch.,Rhododendron,Rhododendron,Scabrifolium
wfo-0001048172,Rhododendron spiciferum,Franch.,Rhododendron,Rhododendron,Scabrifolium
wfo-0001048174,Rhododendron spinuliferum,Franch.,Rhododendron,Rhododendron,Scabrifolium
wfo-0001048851,Rhododendron auritum,Tagg,Rhododendron,Rhododendron,Tephropepla
wfo-0001336435,Rhododendron baihuaense,Y.P.Ma,Rhododendron,Rhododendron,Tephropepla
wfo-0001048932,Rhododendron hanceanum,Hemsl.,Rhododendron,Rhododendron,Tephropepla
wfo-0001230689,Rhododendron longistylum,Rehder & E.H.Wilson,Rhododendron,Rhododendron,Tephropepla
wfo-1000002523,Rhododendron tephropeploides,R.A.Baines & D.F.Chamb.,Rhododendron,Rhododendron,Tephropepla
wfo-0001230688,Rhododendron tephropeplum,Balf.f. & Farrer,Rhododendron,Rhododendron,Tephropepla
wfo-0001249389,Rhododendron tsinlingense,W.P.Fang ex J.Q.Fu,Rhododendron,Rhododendron,Tephropepla
wfo-0001230687,Rhododendron xanthostephanum,Merr.,Rhododendron,Rhododendron,Tephropepla
wfo-0001230891,Rhododendron caesium,Hutch.,Rhododendron,Rhododendron,Trichoclada
wfo-0001048790,Rhododendron lepidostylum,Balf.f. & Forrest,Rhododendron,Rhododendron,Trichoclada
wfo-0001220772,Rhododendron mekongense,Franch.,Rhododendron,Rhododendron,Trichoclada
wfo-0001048736,Rhododendron trichocladum,Franch.,Rhododendron,Rhododendron,Trichoclada
wfo-0001230894,Rhododendron viridescens,Hutch.,Rhododendron,Rhododendron,Trichoclada
wfo-0001048157,Rhododendron ambiguum,Hemsl.,Rhododendron,Rhododendron,Triflora
wfo-0001048149,Rhododendron amesiae,Rehder & E.H.Wilson,Rhododendron,Rhododendron,Triflora
wfo-0001048122,Rhododendron augustinii,Hemsl.,Rhododendron,Rhododendron,Triflora
wfo-0001048675,Rhododendron bivelatum,Balf.f.,Rhododendron,Rhododendron,Triflora
wfo-0001249368,Rhododendron brachypodum,W.P.Fang & P.S.Liu,Rhododendron,Rhododendron,Triflora
wfo-0001048139,Rhododendron concinnum,Hemsl.,Rhododendron,Rhododendron,Triflora
wfo-0001048088,Rhododendron davidsonianum,Rehder & E.H.Wilson,Rhododendron,Rhododendron,Triflora
wfo-0001048163,Rhododendron gemmiferum,M.N.Philipson & Philipson,Rhododendron,Rhododendron,Triflora
wfo-0001231542,Rhododendron guangnanense,R.C.Fang,Rhododendron,Rhododendron,Triflora
wfo-1000078468,Rhododendron kantoense,S.Sakag. & Y.Watan.,Rhododendron,Rhododendron,Triflora
wfo-0000400041,Rhododendron keiskei,Miq.,Rhododendron,Rhododendron,Triflora
wfo-0001048159,Rhododendron lutescens,Franch.,Rhododendron,Rhododendron,Triflora
wfo-0001048112,Rhododendron oreotrephes,W.W.Sm.,Rhododendron,Rhododendron,Triflora
wfo-0000400325,Rhododendron × pallescens,Hutch.,Rhododendron,Rhododendron,Triflora
wfo-0001275552,Rhododendron pleistanthum,E.H.Wilding,Rhododendron,Rhododendron,Triflora
wfo-0001048151,Rhododendron polylepis,Franch.,Rhododendron,Rhododendron,Triflora
wfo-0001048104,Rhododendron rigidum,Franch.,Rhododendron,Rhododendron,Triflora
wfo-0001048150,Rhododendron searsiae,Rehder & E.H.Wilson,Rhododendron,Rhododendron,Triflora
wfo-0001249383,Rhododendron shaanxiense,W.P.Fang & Z.J.Zhao,Rhododendron,Rhododendron,Triflora
wfo-0001249384,Rhododendron shimianense,W.P.Fang & P.S.Liu,Rhododendron,Rhododendron,Triflora
wfo-0001048090,Rhododendron siderophyllum,Franch.,Rhododendron,Rhododendron,Triflora
wfo-0001048082,Rhododendron tatsienense,Franch.,Rhododendron,Rhododendron,Triflora
wfo-0001048138,Rhododendron trichanthum,Rehder,Rhododendron,Rhododendron,Triflora
wfo-0001048153,Rhododendron triflorum,Hook.f.,Rhododendron,Rhododendron,Triflora
wfo-1000078496,Rhododendron tyaihyonii,"S.Sakag., H.J.Choi & S.C.Kim",Rhododendron,Rhododendron,Triflora
wfo-0001048164,Rhododendron wongii,Hemsl. & E.H.Wilson,Rhododendron,Rhododendron,Triflora
wfo-0001250537,Rhododendron xichangense,Z.J.Zhao,Rhododendron,Rhododendron,Triflora
wfo-0001048096,Rhododendron yunnanense,Franch.,Rhododendron,Rhododendron,Triflora
wfo-0001048080,Rhododendron zaleucum,Balf.f. & W.W.Sm.,Rhododendron,Rhododendron,Triflora
wfo-0001048749,Rhododendron ludlowii,Cowan,Rhododendron,Rhododendron,Uniflora
wfo-0001230561,Rhododendron pemakoense,Kingdon-Ward,Rhododendron,Rhododendron,Uniflora
wfo-0001230560,Rhododendron pumilum,Hook.f.,Rhododendron,Rhododendron,Uniflora
wfo-0001048806,Rhododendron uniflorum,Hutch. & Kingdon-Ward,Rhododendron,Rhododendron,Uniflora
wfo-0001230690,Rhododendron virgatum,Hook.f.,Rhododendron,Rhododendron,Virgatum
wfo-0001047066,Rhododendron camtschaticum,Pall.,Ericoideae,Rhododendron subg. Therorhodion,
wfo-0001047836,Rhododendron redowskianum,Maxim.,Ericoideae,Rhododendron subg. Therorhodion,
wfo-0000400483,Rhododendron aequabile,J.J.Sm.,Vireya,Albovireya,
wfo-0000400495,Rhododendron album,Blume,Vireya,Albovireya,
wfo-0000400408,Rhododendron arenicola,Sleumer,Vireya,Albovireya,
wfo-0000403261,Rhododendron cernuum,Sleumer,Vireya,Albovireya,
wfo-0000403013,Rhododendron comptum,C.H.Wright,Vireya,Albovireya,
wfo-0000403120,Rhododendron correoides,J.J.Sm.,Vireya,Albovireya,
wfo-0000400629,Rhododendron giulianettii,Lauterb.,Vireya,Albovireya,
wfo-0000400106,Rhododendron lagunculicarpum,J.J.Sm.,Vireya,Albovireya,
wfo-0000400103,Rhododendron lampongum,Miq.,Vireya,Albovireya,
wfo-0000400165,Rhododendron proliferum,Sleumer,Vireya,Albovireya,
wfo-0000400244,Rhododendron pudorinum,Sleumer,Vireya,Albovireya,
wfo-0000405729,Rhododendron versteegii,J.J.Sm.,Vireya,Albovireya,
wfo-0000405539,Rhododendron yelliottii,Warb.,Vireya,Albovireya,
wfo-0000405541,Rhododendron zollingeri,J.J.Sm.,Vireya,Albovireya,
wfo-0000400481,Rhododendron adinophyllum,Merr.,Vireya,Discovireya,
wfo-0000400378,Rhododendron borneense,"(J.J.Sm.) Argent, A.Lamb & Phillipps",Vireya,Discovireya,
wfo-0000400466,Rhododendron buxoides,Sleumer,Vireya,Discovireya,
wfo-0000403011,Rhododendron ciliilobum,Sleumer,Vireya,Discovireya,
wfo-0000400436,Rhododendron cuneifolium,Stapf,Vireya,Discovireya,
wfo-0000400766,Rhododendron cyrtophyllum,Wernham,Vireya,Discovireya,
wfo-0000400740,Rhododendron detznerianum,Sleumer,Vireya,Discovireya,
wfo-1000040555,Rhododendron × epilosum,(J.J.Sm.) Argent,Vireya,Discovireya,
wfo-0000400815,Rhododendron ericoides,H.Low ex Hook.f.,Vireya,Discovireya,
wfo-0000400807,Rhododendron erosipetalum,J.J.Sm.,Vireya,Discovireya,
wfo-0000400642,Rhododendron gaultheriifolium,J.J.Sm.,Vireya,Discovireya,
wfo-0000400607,Rhododendron hameliiflorum,Wernham,Vireya,Discovireya,
wfo-0000399945,Rhododendron lindaueanum,Koord.,Vireya,Discovireya,
wfo-0000400289,Rhododendron meliphagidum,J.J.Sm.,Vireya,Discovireya,
wfo-0000400286,Rhododendron monodii,(H.J.Lam) Argent,Vireya,Discovireya,
wfo-0000400274,Rhododendron nanophyton,Sleumer,Vireya,Discovireya,
wfo-0000400368,Rhododendron nummatum,J.J.Sm.,Vireya,Discovireya,
wfo-0000400311,Rhododendron oreites,Sleumer,Vireya,Discovireya,
wfo-0000400208,Rhododendron perakense,King & Gamble,Vireya,Discovireya,
wfo-0000400223,Rhododendron quadrasianum,S.Vidal,Vireya,Discovireya,
wfo-0001242988,Rhododendron retusum,(Blume) Benn.,Vireya,Discovireya,
wfo-0000405378,Rhododendron scortechinii,King & Gamble,Vireya,Discovireya,
wfo-0000405384,Rhododendron seimundii,J.J.Sm.,Vireya,Discovireya,
wfo-1000002530,Rhododendron × silvicola,(Sleumer) Sleumer,Vireya,Discovireya,
wfo-0000405478,Rhododendron spathulatum,Ridl.,Vireya,Discovireya,
wfo-0000405659,Rhododendron taxoides,J.J.Sm.,Vireya,Discovireya,
wfo-0001334722,Rhododendron andrineae,Danet,Vireya,Hadranthe,
wfo-0000400419,Rhododendron asperrimum,Sleumer,Vireya,Hadranthe,
wfo-0000400398,Rhododendron beyerinckianum,Koord.,Vireya,Hadranthe,
wfo-0000400473,Rhododendron bryophilum,Sleumer,Vireya,Hadranthe,
wfo-0000400479,Rhododendron bullifolium,Sleumer,Vireya,Hadranthe,
wfo-0000400428,Rhododendron caliginis,Kores,Vireya,Hadranthe,
wfo-0001345025,Rhododendron cravenii,Danet,Vireya,Hadranthe,
wfo-0000400771,Rhododendron delicatulum,Sleumer,Vireya,Hadranthe,
wfo-0000400742,Rhododendron dianthosmum,Sleumer,Vireya,Hadranthe,
wfo-0000400734,Rhododendron dielsianum,Schltr.,Vireya,Hadranthe,
wfo-0000400824,Rhododendron evelyneae,Danet,Vireya,Hadranthe,
wfo-0000400827,Rhododendron extrorsum,J.J.Sm.,Vireya,Hadranthe,
wfo-0000400829,Rhododendron eymae,Sleumer,Vireya,Hadranthe,
wfo-0000400641,Rhododendron gardenia,Schltr.,Vireya,Hadranthe,
wfo-0000400628,Rhododendron × gilliardii,Sleumer,Vireya,Hadranthe,
wfo-1000002491,Rhododendron gumineense,Craven,Vireya,Hadranthe,
wfo-0000400608,Rhododendron haematophthalmum,Sleumer,Vireya,Hadranthe,
wfo-0000400618,Rhododendron hellwigii,Warb.,Vireya,Hadranthe,
wfo-0000400710,Rhododendron hooglandii,Sleumer,Vireya,Hadranthe,
wfo-0000400732,Rhododendron hyacinthosmum,Sleumer,Vireya,Hadranthe,
wfo-0000400039,Rhododendron × kawir,Danet,Vireya,Hadranthe,
wfo-0000400062,Rhododendron kerowagiense,Argent,Vireya,Hadranthe,
wfo-0000400056,Rhododendron konori,Becc.,Vireya,Hadranthe,
wfo-1000040577,Rhododendron leptanthum,F.Muell.,Vireya,Hadranthe,
wfo-1000002500,Rhododendron meagae,Mambrasar & Hutabarat,Vireya,Hadranthe,
wfo-0000400288,Rhododendron melantherum,Schltr.,Vireya,Hadranthe,
wfo-0000400269,Rhododendron neobritannicum,Sleumer,Vireya,Hadranthe,
wfo-0000400313,Rhododendron neriifolium,Schltr.,Vireya,Hadranthe,
wfo-0000400319,Rhododendron opulentum,Sleumer,Vireya,Hadranthe,
wfo-0001257576,Rhododendron phaeochitum,F.Muell.,Vireya,Hadranthe,
wfo-0000400212,Rhododendron phaeochristum,Sleumer,Vireya,Hadranthe,
wfo-0000400206,Rhododendron phaeops,Sleumer,Vireya,Hadranthe,
wfo-0000400173,Rhododendron prainianum,Koord.,Vireya,Hadranthe,
wfo-0000400241,Rhododendron psilanthum,Sleumer,Vireya,Hadranthe,
wfo-0000400248,Rhododendron pulleanum,Koord.,Vireya,Hadranthe,
wfo-0000405491,Rhododendron rappardii,Sleumer,Vireya,Hadranthe,
wfo-0000405496,Rhododendron rarum,Schltr.,Vireya,Hadranthe,
wfo-0000405497,Rhododendron revolutum,Sleumer,Vireya,Hadranthe,
wfo-0000405506,Rhododendron rhodochroum,Sleumer,Vireya,Hadranthe,
wfo-0000405519,Rhododendron rubellum,Sleumer,Vireya,Hadranthe,
wfo-0000405362,Rhododendron × schoddei,Sleumer,Vireya,Hadranthe,
wfo-0000405482,Rhododendron solitarium,Sleumer,Vireya,Hadranthe,
wfo-0000405427,Rhododendron spondylophyllum,F.Muell.,Vireya,Hadranthe,
wfo-1000001733,Rhododendron stanleyi,S.James & Argent,Vireya,Hadranthe,
wfo-0000405430,Rhododendron stelligerum,Sleumer,Vireya,Hadranthe,
wfo-0000405417,Rhododendron stolleanum,Schltr.,Vireya,Hadranthe,
wfo-0000405437,Rhododendron superbum,Sleumer,Vireya,Hadranthe,
wfo-0000405672,Rhododendron thaumasianthum,Sleumer,Vireya,Hadranthe,
wfo-0000405625,Rhododendron tintinnabellum,Danet,Vireya,Hadranthe,
wfo-0000405644,Rhododendron truncicola,Sleumer,Vireya,Hadranthe,
wfo-0000405637,Rhododendron tuberculiferum,J.J.Sm.,Vireya,Hadranthe,
wfo-0000400490,Rhododendron acuminatum,Hook.f.,Vireya,Malayovireya,
wfo-0000400580,Rhododendron apoanum,Stein,Vireya,Malayovireya,
wfo-0000400424,Rhododendron asperum,J.J.Sm.,Vireya,Malayovireya,
wfo-1000000092,Rhododendron benomense,Rafidah & A.C.Elliott,Vireya,Malayovireya,
wfo-0000400749,Rhododendron durionifolium,Becc.,Vireya,Malayovireya,
wfo-0000400819,Rhododendron fallacinum,Sleumer,Vireya,Malayovireya,
wfo-0000400800,Rhododendron fortunans,J.J.Sm.,Vireya,Malayovireya,
wfo-0000400718,Rhododendron himantodes,Sleumer,Vireya,Malayovireya,
wfo-0000400097,Rhododendron lamrialianum,Argent & T.J.Barkman,Vireya,Malayovireya,
wfo-0000399924,Rhododendron lineare,Merr.,Vireya,Malayovireya,
wfo-0000399995,Rhododendron malayanum,Jack,Vireya,Malayovireya,
wfo-0000400282,Rhododendron micromalayanum,Sleumer,Vireya,Malayovireya,
wfo-0000400344,Rhododendron nortoniae,Merr.,Vireya,Malayovireya,
wfo-0000405706,Rhododendron × variolosum,Becc.,Vireya,Malayovireya,
wfo-0000405727,Rhododendron vinicolor,Sleumer,Vireya,Malayovireya,
wfo-0000405694,Rhododendron × wilhelminae,Hochr.,Vireya,Malayovireya,
wfo-0001250631,Rhododendron asperulum,Hutch. & Kingdon-Ward,Vireya,Pseudovireya,
wfo-0001243284,Rhododendron datiandingense,Zhi J.Feng,Vireya,Pseudovireya,
wfo-0001231547,Rhododendron densifolium,K.M.Feng,Vireya,Pseudovireya,
wfo-0001219294,Rhododendron emarginatum,Hemsl. & E.H.Wilson,Vireya,Pseudovireya,
wfo-0000400684,Rhododendron insculptum,Hutch. & Kingdon-Ward,Vireya,Pseudovireya,
wfo-0001048928,Rhododendron kawakamii,Hayata,Vireya,Pseudovireya,
wfo-0001347318,Rhododendron longipedicellatum,Lei Cai & Y.P.Ma,Vireya,Pseudovireya,
wfo-0001228141,Rhododendron rupivalleculatum,P.C.Tam,Vireya,Pseudovireya,
wfo-0001257577,Rhododendron rushforthii,Argent & D.F.Chamb.,Vireya,Pseudovireya,
wfo-0000405404,Rhododendron santapaui,"Sastry, Kataki, Pet.A.Cox, Pat.Cox & Hutchison",Vireya,Pseudovireya,
wfo-0000405481,Rhododendron sororium,Sleumer,Vireya,Pseudovireya,
wfo-0000747041,Rhododendron trancongii,Argent & Rushforth,Vireya,Pseudovireya,
wfo-0001250632,Rhododendron vaccinioides,Hook.f.,Vireya,Pseudovireya,
wfo-1000075094,Rhododendron engelbertii,Mambrasar,Vireya,Schistanthe,
wfo-0000400503,Rhododendron alticola,Sleumer,Vireya,Schistanthe,Euvireya
wfo-0000400603,Rhododendron angiense,J.J.Sm.,Vireya,Schistanthe,Euvireya
wfo-0000400592,Rhododendron angulatum,J.J.Sm.,Vireya,Schistanthe,Euvireya
wfo-0000400579,Rhododendron apiense,Argent,Vireya,Schistanthe,Euvireya
wfo-1000002484,Rhododendron ardii,"Hutabarat, Mambrasar & Mustaqim",Vireya,Schistanthe,Euvireya
wfo-0000400407,Rhododendron arfakianum,Becc.,Vireya,Schistanthe,Euvireya
wfo-1000056284,Rhododendron astrophorum,"M.N.Tamayo, Y.P.Ang & A.S.Rob.",Vireya,Schistanthe,Euvireya
wfo-0000744589,Rhododendron atrichum,Argent,Vireya,Schistanthe,Euvireya
wfo-0000400379,Rhododendron aurigeranum,Sleumer,Vireya,Schistanthe,Euvireya
wfo-0000400383,Rhododendron baconii,"Argent, A.Lamb & Phillipps",Vireya,Schistanthe,Euvireya
wfo-0000400384,Rhododendron baenitzianum,Lauterb.,Vireya,Schistanthe,Euvireya
wfo-0000400395,Rhododendron beccarii,Sleumer,Vireya,Schistanthe,Euvireya
wfo-0000400387,Rhododendron blackii,Sleumer,Vireya,Schistanthe,Euvireya
wfo-0000400392,Rhododendron bloembergenii,Sleumer,Vireya,Schistanthe,Euvireya
wfo-0000400461,Rhododendron brachygynum,H.F.Copel.,Vireya,Schistanthe,Euvireya
wfo-0000400454,Rhododendron brevipes,Sleumer,Vireya,Schistanthe,Euvireya
wfo-0000400463,Rhododendron buruense,J.J.Sm.,Vireya,Schistanthe,Euvireya
wfo-0000403256,Rhododendron celebicum,(Blume) DC.,Vireya,Schistanthe,Euvireya
wfo-1000002488,Rhododendron chamahense,Rafidah,Vireya,Schistanthe,Euvireya
wfo-0000403051,Rhododendron christi,F.Först.,Vireya,Schistanthe,Euvireya
wfo-0000403055,Rhododendron christianae,Sleumer,Vireya,Schistanthe,Euvireya
wfo-0001341950,Rhododendron cockburnii,"(Argent, A.Lamb & Phillipps) Craven",Vireya,Schistanthe,Euvireya
wfo-0000403025,Rhododendron commutatum,Sleumer,Vireya,Schistanthe,Euvireya
wfo-0000403012,Rhododendron comparabile,Sleumer,Vireya,Schistanthe,Euvireya
wfo-0000403124,Rhododendron crassifolium,Stapf,Vireya,Schistanthe,Euvireya
wfo-0000400435,Rhododendron culminicola,F.Muell.,Vireya,Schistanthe,Euvireya
wfo-0000400442,Rhododendron curviflorum,J.J.Sm.,Vireya,Schistanthe,Euvireya
wfo-0000400799,Rhododendron cuspidellum,Sleumer,Vireya,Schistanthe,Euvireya
wfo-0000400812,Rhododendron englerianum,Koord.,Vireya,Schistanthe,Euvireya
wfo-0000400828,Rhododendron exuberans,(Sleumer) Argent,Vireya,Schistanthe,Euvireya
wfo-0000400632,Rhododendron glabrifilum,J.J.Sm.,Vireya,Schistanthe,Euvireya
wfo-0000400638,Rhododendron glabriflorum,J.J.Sm.,Vireya,Schistanthe,Euvireya
wfo-0000400656,Rhododendron gracilentum,F.Muell.,Vireya,Schistanthe,Euvireya
wfo-0000747100,Rhododendron heterolepis,Danet,Vireya,Schistanthe,Euvireya
wfo-0000400703,Rhododendron hirtolepidotum,J.J.Sm.,Vireya,Schistanthe,Euvireya
wfo-1000002528,Rhododendron × hunsteinii,Argent,Vireya,Schistanthe,Euvireya
wfo-0000400690,Rhododendron impositum,J.J.Sm.,Vireya,Schistanthe,Euvireya
wfo-0000400683,Rhododendron impressopunctatum,J.J.Sm.,Vireya,Schistanthe,Euvireya
wfo-0000400674,Rhododendron intranervatum,Sleumer,Vireya,Schistanthe,Euvireya
wfo-0000400693,Rhododendron javanicum,(Blume) Benn.,Vireya,Schistanthe,Euvireya
wfo-0000400043,Rhododendron jiewhoei,Argent,Vireya,Schistanthe,Euvireya
wfo-0000400040,Rhododendron × keditii,Sleumer,Vireya,Schistanthe,Euvireya
wfo-0000400037,Rhododendron kemulense,J.J.Sm.,Vireya,Schistanthe,Euvireya
wfo-0000400053,Rhododendron kochii,Stein,Vireya,Schistanthe,Euvireya
wfo-0000400104,Rhododendron laetum,J.J.Sm.,Vireya,Schistanthe,Euvireya
wfo-0000400096,Rhododendron lanceolatum,Ridl.,Vireya,Schistanthe,Euvireya
wfo-0000399963,Rhododendron leptobrachion,Sleumer,Vireya,Schistanthe,Euvireya
wfo-0000399954,Rhododendron leucogigas,Sleumer,Vireya,Schistanthe,Euvireya
wfo-0000399955,Rhododendron leytense,Merr.,Vireya,Schistanthe,Euvireya
wfo-0000399959,Rhododendron × liewianum,"Argent, A.Lamb & Phillipps",Vireya,Schistanthe,Euvireya
wfo-0000399913,Rhododendron loboense,H.F.Copel.,Vireya,Schistanthe,Euvireya
wfo-0000399915,Rhododendron lochiae,F.Muell.,Vireya,Schistanthe,Euvireya
wfo-0000399917,Rhododendron loerzingii,J.J.Sm.,Vireya,Schistanthe,Euvireya
wfo-0000399918,Rhododendron lompohense,Argent,Vireya,Schistanthe,Euvireya
wfo-0000399916,Rhododendron longiflorum,Lindl.,Vireya,Schistanthe,Euvireya
wfo-0000399930,Rhododendron lowii,Hook.f.,Vireya,Schistanthe,Euvireya
wfo-0000399936,Rhododendron luraluense,Sleumer,Vireya,Schistanthe,Euvireya
wfo-0000399989,Rhododendron macgregoriae,F.Muell.,Vireya,Schistanthe,Euvireya
wfo-0000399979,Rhododendron madulidii,Argent,Vireya,Schistanthe,Euvireya
wfo-0000399968,Rhododendron maxwellii,Gibbs,Vireya,Schistanthe,Euvireya
wfo-0000406469,Rhododendron mendumiae,Argent,Vireya,Schistanthe,Euvireya
wfo-0000400285,Rhododendron milleri,Argent,Vireya,Schistanthe,Euvireya
wfo-0000400292,Rhododendron mindanaense,Merr.,Vireya,Schistanthe,Euvireya
wfo-0000400300,Rhododendron mollianum,Koord.,Vireya,Schistanthe,Euvireya
wfo-0000400259,Rhododendron monkoboense,Argent,Vireya,Schistanthe,Euvireya
wfo-1000075093,Rhododendron mulyaniae,Mambrasar,Vireya,Schistanthe,Euvireya
wfo-0000400362,Rhododendron nervosulum,Sleumer,Vireya,Schistanthe,Euvireya
wfo-1000002529,Rhododendron × ootrichum,Sleumer,Vireya,Schistanthe,Euvireya
wfo-0000400314,Rhododendron orbiculatum,Ridl.,Vireya,Schistanthe,Euvireya
wfo-0000400323,Rhododendron pachycarpon,Sleumer,Vireya,Schistanthe,Euvireya
wfo-0000400327,Rhododendron pachystigma,Sleumer,Vireya,Schistanthe,Euvireya
wfo-0000400216,Rhododendron perplexum,Sleumer,Vireya,Schistanthe,Euvireya
wfo-0000400166,Rhododendron × planecostatum,Sleumer,Vireya,Schistanthe,Euvireya
wfo-0000400159,Rhododendron polyanthemum,Sleumer,Vireya,Schistanthe,Euvireya
wfo-0000400179,Rhododendron poremense,J.J.Sm.,Vireya,Schistanthe,Euvireya
wfo-0000400183,Rhododendron praetervisum,Sleumer,Vireya,Schistanthe,Euvireya
wfo-0000405495,Rhododendron rarilepidotum,J.J.Sm.,Vireya,Schistanthe,Euvireya
wfo-0000405485,Rhododendron renschianum,Sleumer,Vireya,Schistanthe,Euvireya
wfo-0000405488,Rhododendron retivenium,Sleumer,Vireya,Schistanthe,Euvireya
wfo-0000406458,Rhododendron reynosoi,Argent,Vireya,Schistanthe,Euvireya
wfo-0000405504,Rhododendron robinsonii,Ridl.,Vireya,Schistanthe,Euvireya
wfo-0000405517,Rhododendron rosendahlii,Sleumer,Vireya,Schistanthe,Euvireya
wfo-0000405391,Rhododendron rugosum,H.Low ex Hook.f.,Vireya,Schistanthe,Euvireya
wfo-0000405410,Rhododendron salicifolium,Becc.,Vireya,Schistanthe,Euvireya
wfo-0000405373,Rhododendron sayeri,Sleumer,Vireya,Schistanthe,Euvireya
wfo-0000405369,Rhododendron scabridibracteum,Sleumer,Vireya,Schistanthe,Euvireya
wfo-0000405359,Rhododendron schlechteri,Lauterb.,Vireya,Schistanthe,Euvireya
wfo-0000405376,Rhododendron seranicum,J.J.Sm.,Vireya,Schistanthe,Euvireya
wfo-0000405380,Rhododendron sessilifolium,J.J.Sm.,Vireya,Schistanthe,Euvireya
wfo-0000744594,Rhododendron sojolense,Argent,Vireya,Schistanthe,Euvireya
wfo-0000405420,Rhododendron stenophyllum,Hook.f. ex Stapf,Vireya,Schistanthe,Euvireya
wfo-0000405418,Rhododendron stresemannii,J.J.Sm.,Vireya,Schistanthe,Euvireya
wfo-0000405446,Rhododendron subulosum,J.J.Sm. ex Sleumer,Vireya,Schistanthe,Euvireya
wfo-0000405436,Rhododendron sumatranum,Merr.,Vireya,Schistanthe,Euvireya
wfo-1000002524,Rhododendron tjiasmantoi,"Mustaqim, Mambrasar & Hutabarat",Vireya,Schistanthe,Euvireya
wfo-0001341954,Rhododendron torajaense,Craven,Vireya,Schistanthe,Euvireya
wfo-0000405622,Rhododendron toxopei,J.J.Sm.,Vireya,Schistanthe,Euvireya
wfo-0000405645,Rhododendron triumphans,Yersin & A.Chev.,Vireya,Schistanthe,Euvireya
wfo-0000405702,Rhododendron vanvuurenii,J.J.Sm.,Vireya,Schistanthe,Euvireya
wfo-0000405735,Rhododendron verticillatum,H.Low ex Lindl.,Vireya,Schistanthe,Euvireya
wfo-0000405721,Rhododendron villosulum,J.J.Sm.,Vireya,Schistanthe,Euvireya
wfo-0000405701,Rhododendron viriosum,Craven,Vireya,Schistanthe,Euvireya
wfo-0000405680,Rhododendron wentianum,Koord.,Vireya,Schistanthe,Euvireya
wfo-0000405695,Rhododendron williamsii,Merr. ex H.F.Copel.,Vireya,Schistanthe,Euvireya
wfo-0000405573,Rhododendron xanthopetalum,Merr.,Vireya,Schistanthe,Euvireya
wfo-0000405540,Rhododendron yongii,Argent,Vireya,Schistanthe,Euvireya
wfo-0000405531,Rhododendron zoelleri,Warb.,Vireya,Schistanthe,Euvireya
wfo-0000400601,Rhododendron anagalliflorum,Wernham,Vireya,Schistanthe,Linnaeopsis
wfo-0000400467,Rhododendron caespitosum,Sleumer,Vireya,Schistanthe,Linnaeopsis
wfo-0000403319,Rhododendron capellae,Kores,Vireya,Schistanthe,Linnaeopsis
wfo-0000403024,Rhododendron coelorum,Wernham,Vireya,Schistanthe,Linnaeopsis
wfo-0000400744,Rhododendron disterigmoides,Sleumer,Vireya,Schistanthe,Linnaeopsis
wfo-0000400284,Rhododendron microphyllum,J.J.Sm.,Vireya,Schistanthe,Linnaeopsis
wfo-0000400256,Rhododendron muscicola,J.J.Sm.,Vireya,Schistanthe,Linnaeopsis
wfo-0000400334,Rhododendron oxycoccoides,Sleumer,Vireya,Schistanthe,Linnaeopsis
wfo-0000400188,Rhododendron parvulum,Sleumer,Vireya,Schistanthe,Linnaeopsis
wfo-0000400220,Rhododendron pusillum,J.J.Sm.,Vireya,Schistanthe,Linnaeopsis
wfo-0000405518,Rhododendron rubineiflorum,Craven,Vireya,Schistanthe,Linnaeopsis
wfo-0000405358,Rhododendron schizostigma,Sleumer,Vireya,Schistanthe,Linnaeopsis
wfo-0000405700,Rhododendron womersleyi,Sleumer,Vireya,Schistanthe,Linnaeopsis
wfo-0000405568,Rhododendron xenium,Gill.K.Br. & Craven,Vireya,Schistanthe,Linnaeopsis
wfo-0000400488,Rhododendron abietifolium,Sleumer,Vireya,Schistanthe,Malesia
wfo-0000400489,Rhododendron acrophilum,Merr. & Quisumb.,Vireya,Schistanthe,Malesia
wfo-0000400502,Rhododendron alternans,Sleumer,Vireya,Schistanthe,Malesia
wfo-0000400412,Rhododendron atropurpureum,Sleumer,Vireya,Schistanthe,Malesia
wfo-0000400373,Rhododendron bagobonum,H.F.Copel.,Vireya,Schistanthe,Malesia
wfo-0000400377,Rhododendron banghamiorum,(J.J.Sm.) Sleumer,Vireya,Schistanthe,Malesia
wfo-0000400450,Rhododendron brassii,Sleumer,Vireya,Schistanthe,Malesia
wfo-1000002487,Rhododendron brentelii,Argent,Vireya,Schistanthe,Malesia
wfo-0000400476,Rhododendron burttii,P.Woods,Vireya,Schistanthe,Malesia
wfo-0000400464,Rhododendron buxifolium,H.Low ex Hook.f.,Vireya,Schistanthe,Malesia
wfo-0000400432,Rhododendron calosanthes,Sleumer,Vireya,Schistanthe,Malesia
wfo-0000403058,Rhododendron chevalieri,Dop,Vireya,Schistanthe,Malesia
wfo-0000403001,Rhododendron citrinum,(Hassk.) Hassk.,Vireya,Schistanthe,Malesia
wfo-0000403015,Rhododendron commonae,F.Först.,Vireya,Schistanthe,Malesia
wfo-0000403117,Rhododendron × coriifolium,Sleumer,Vireya,Schistanthe,Malesia
wfo-0000403118,Rhododendron cornu-bovis,Sleumer,Vireya,Schistanthe,Malesia
wfo-0000400789,Rhododendron flavoviride,J.J.Sm.,Vireya,Schistanthe,Malesia
wfo-0000400802,Rhododendron frey-wysslingii,J.J.Sm.,Vireya,Schistanthe,Malesia
wfo-0000400791,Rhododendron × fuchsii,Sleumer,Vireya,Schistanthe,Malesia
wfo-0000400627,Rhododendron hatamense,Becc.,Vireya,Schistanthe,Malesia
wfo-0000400619,Rhododendron helodes,Sleumer,Vireya,Schistanthe,Malesia
wfo-0000400686,Rhododendron inconspicuum,J.J.Sm.,Vireya,Schistanthe,Malesia
wfo-0000400105,Rhododendron lamii,J.J.Sm.,Vireya,Schistanthe,Malesia
wfo-0000399964,Rhododendron leptomorphum,Sleumer,Vireya,Schistanthe,Malesia
wfo-0000400177,Rhododendron meijeri,"Argent, A.Lamb & Phillipps",Vireya,Schistanthe,Malesia
wfo-0000400260,Rhododendron multicolor,Miq.,Vireya,Schistanthe,Malesia
wfo-0000400258,Rhododendron myrsinites,Sleumer,Vireya,Schistanthe,Malesia
wfo-0000400268,Rhododendron × nebulicola,Danet,Vireya,Schistanthe,Malesia
wfo-0000400349,Rhododendron nieuwenhuisii,J.J.Sm.,Vireya,Schistanthe,Malesia
wfo-0000400356,Rhododendron nubicola,Wernham,Vireya,Schistanthe,Malesia
wfo-0000400198,Rhododendron papuanum,Becc.,Vireya,Schistanthe,Malesia
wfo-0000400191,Rhododendron pauciflorum,King & Gamble,Vireya,Schistanthe,Malesia
wfo-0000400180,Rhododendron porphyranthes,Sleumer,Vireya,Schistanthe,Malesia
wfo-0000400229,Rhododendron pseudobuxifolium,Sleumer,Vireya,Schistanthe,Malesia
wfo-0000400242,Rhododendron pubigermen,J.J.Sm.,Vireya,Schistanthe,Malesia
wfo-0000400227,Rhododendron purpureiflorum,J.J.Sm.,Vireya,Schistanthe,Malesia
wfo-0000400221,Rhododendron pyrrhophorum,Sleumer,Vireya,Schistanthe,Malesia
wfo-0000405502,Rhododendron rhodostomum,Sleumer,Vireya,Schistanthe,Malesia
wfo-0000405501,Rhododendron ripleyi,Merr.,Vireya,Schistanthe,Malesia
wfo-0000405524,Rhododendron rousei,Argent & Madulid,Vireya,Schistanthe,Malesia
wfo-0000405522,Rhododendron rubrobracteatum,Sleumer,Vireya,Schistanthe,Malesia
wfo-0000405387,Rhododendron × sarcodes,Argent & Madulid,Vireya,Schistanthe,Malesia
wfo-0000405370,Rhododendron scarlatinum,Sleumer,Vireya,Schistanthe,Malesia
wfo-0000405456,Rhododendron simulans,J.J.Sm. ex Sleumer,Vireya,Schistanthe,Malesia
wfo-0000405416,Rhododendron stevensianum,Sleumer,Vireya,Schistanthe,Malesia
wfo-0000405444,Rhododendron subcrenulatum,Sleumer,Vireya,Schistanthe,Malesia
wfo-0000405440,Rhododendron subuliferum,Sleumer,Vireya,Schistanthe,Malesia
wfo-0000405435,Rhododendron sugaui,Argent,Vireya,Schistanthe,Malesia
wfo-0000405653,Rhododendron takeuchii,Argent,Vireya,Schistanthe,Malesia
wfo-0000405649,Rhododendron taxifolium,Merr.,Vireya,Schistanthe,Malesia
wfo-0000405641,Rhododendron tuhanense,Argent & T.J.Barkman,Vireya,Schistanthe,Malesia
wfo-0000405712,Rhododendron ultimum,Wernham,Vireya,Schistanthe,Malesia
wfo-0000405730,Rhododendron vidalii,Rolfe,Vireya,Schistanthe,Malesia
wfo-0000405725,Rhododendron vinkii,Sleumer,Vireya,Schistanthe,Malesia
wfo-0000405687,Rhododendron vitis-idaea,Sleumer,Vireya,Schistanthe,Malesia
wfo-0000405691,Rhododendron whiteheadii,Rendle,Vireya,Schistanthe,Malesia
wfo-1000002525,Rhododendron widjajae,Argent & Mambrasar,Vireya,Schistanthe,Malesia
wfo-0000406461,Rhododendron wilkiei,Argent,Vireya,Schistanthe,Malesia
wfo-0000405570,Rhododendron wrightianum,Koord.,Vireya,Schistanthe,Malesia
wfo-0000405367,Rhododendron saxifragoides,J.J.Sm.,Vireya,Schistanthe,Saxifragoidea
wfo-0000405458,Rhododendron × sheilae,Sleumer,Vireya,Schistanthe,
wfo-0000400507,Rhododendron alborugosum,Argent & J.Dransf.,Vireya,Schistanthe,Solenovireya
wfo-0000400403,Rhododendron archboldianum,Sleumer,Vireya,Schistanthe,Solenovireya
wfo-0000400405,Rhododendron armitii,F.M.Bailey,Vireya,Schistanthe,Solenovireya
wfo-0000400462,Rhododendron brachypodarium,Sleumer,Vireya,Schistanthe,Solenovireya
wfo-0000403302,Rhododendron carrii,Sleumer,Vireya,Schistanthe,Solenovireya
wfo-0000403303,Rhododendron carringtoniae,F.Muell.,Vireya,Schistanthe,Solenovireya
wfo-0000403304,Rhododendron carstensense,Wernham,Vireya,Schistanthe,Solenovireya
wfo-0000403009,Rhododendron cinerascens,Sleumer,Vireya,Schistanthe,Solenovireya
wfo-0000400445,Rhododendron cruttwellii,Sleumer,Vireya,Schistanthe,Solenovireya
wfo-0000400746,Rhododendron edanoi,Merr. & Quisumb.,Vireya,Schistanthe,Solenovireya
wfo-0000400666,Rhododendron goodenoughii,Sleumer,Vireya,Schistanthe,Solenovireya
wfo-0000400624,Rhododendron hartleyi,Sleumer,Vireya,Schistanthe,Solenovireya
wfo-0000400691,Rhododendron jasminiflorum,Hook.,Vireya,Schistanthe,Solenovireya
wfo-0000400098,Rhododendron lambianum,Argent,Vireya,Schistanthe,Solenovireya
wfo-0000399935,Rhododendron loranthiflorum,Sleumer,Vireya,Schistanthe,Solenovireya
wfo-0000399980,Rhododendron macrosiphon,Sleumer,Vireya,Schistanthe,Solenovireya
wfo-1000002498,Rhododendron majus,(J.J.Sm.) Sleumer,Vireya,Schistanthe,Solenovireya
wfo-0000400295,Rhododendron mogeanum,Argent,Vireya,Schistanthe,Solenovireya
wfo-0000400254,Rhododendron multinervium,Sleumer,Vireya,Schistanthe,Solenovireya
wfo-1000002501,Rhododendron muscipulum,Danet,Vireya,Schistanthe,Solenovireya
wfo-0000400273,Rhododendron natalicium,Sleumer,Vireya,Schistanthe,Solenovireya
wfo-0000400345,Rhododendron niveoflorum,Argent,Vireya,Schistanthe,Solenovireya
wfo-0000400320,Rhododendron oliganthum,Sleumer,Vireya,Schistanthe,Solenovireya
wfo-0000400310,Rhododendron oreadum,Wernham,Vireya,Schistanthe,Solenovireya
wfo-0000400171,Rhododendron pleianthum,Sleumer,Vireya,Schistanthe,Solenovireya
wfo-0000400234,Rhododendron pseudotrichanthum,Sleumer,Vireya,Schistanthe,Solenovireya
wfo-0000405492,Rhododendron radians,J.J.Sm.,Vireya,Schistanthe,Solenovireya
wfo-0000405489,Rhododendron retrorsipilum,Sleumer,Vireya,Schistanthe,Solenovireya
wfo-0000405510,Rhododendron rhodoleucum,Sleumer,Vireya,Schistanthe,Solenovireya
wfo-0000405513,Rhododendron rhodosalpinx,Sleumer,Vireya,Schistanthe,Solenovireya
wfo-0000405515,Rhododendron roseiflorum,P.F.Stevens,Vireya,Schistanthe,Solenovireya
wfo-0000405392,Rhododendron ruttenii,J.J.Sm.,Vireya,Schistanthe,Solenovireya
wfo-0000405429,Rhododendron stapfianum,Hemsl. ex Prain,Vireya,Schistanthe,Solenovireya
wfo-0000405421,Rhododendron suaveolens,Sleumer,Vireya,Schistanthe,Solenovireya
wfo-0000405441,Rhododendron syringoideum,Sleumer,Vireya,Schistanthe,Solenovireya
wfo-0000405631,Rhododendron tuba,Sleumer,Vireya,Schistanthe,Solenovireya
wfo-0000400506,Rhododendron agathodaemonis,J.J.Sm.,Vireya,Siphonovireya,
wfo-0000403008,Rhododendron cinchoniflorum,Sleumer,Vireya,Siphonovireya,
wfo-0001332431,Rhododendron × diversiflorum,Danet,Vireya,Siphonovireya,
wfo-0000507898,Rhododendron dutartrei,Danet,Vireya,Siphonovireya,
wfo-0000400635,Rhododendron gideonii,Argent,Vireya,Siphonovireya,
wfo-0000400616,Rhododendron habbemae,Koord.,Vireya,Siphonovireya,
wfo-0000400714,Rhododendron herzogii,Warb.,Vireya,Siphonovireya,
wfo-0000400685,Rhododendron incommodum,Sleumer,Vireya,Siphonovireya,
wfo-0000507899,Rhododendron kogo,Danet,Vireya,Siphonovireya,
wfo-0000400236,Rhododendron protandrum,Sleumer,Vireya,Siphonovireya,
wfo-0000400238,Rhododendron × psammogenes,Sleumer,Vireya,Siphonovireya,
wfo-0000405383,Rhododendron searleanum,Sleumer,Vireya,Siphonovireya,
wfo-1000002514,Rhododendron siobriense,Argent,Vireya,Siphonovireya,
